Description,Price,Rating,ReviewCount,Url
"LG 29WN600-W 29"" 21:9 UltraWide WFHD IPS HDR10 Monitor with FreeSync, Silver",,4.6 out of 5 stars,"1,296",https://www.amazon.com/LG-29WN600-W-29-21-UltraWide/dp/B0876DBCBX/ref=sr_1_1?dchild=1&keywords=ultrawide+monitor&qid=1614962709&sr=8-1
"SAMSUNG LC49RG90SSNXZA 49-Inch CRG9 Curved Gaming Monitor, Black",,4.4 out of 5 stars,"2,315",https://www.amazon.com/Samsung-Double-49-Inch-Monitor-LC49RG90SSNXZA/dp/B07L9HCJ2V/ref=sr_1_2?dchild=1&keywords=ultrawide+monitor&qid=1614962709&sr=8-2
"Samsung 34-Inch SJ55W Ultrawide Gaming Monitor (LS34J550WQNXZA) – 75Hz Refresh, WQHD Computer Monitor, 3440 x 1440p Resolution, 4ms Response, FreeSync, Split Screen, HDMI, Black",,4.4 out of 5 stars,491,https://www.amazon.com/Samsung-S34J55W-34-Inch-Ultrawide-LS34J550WQNXZA/dp/B07FBS36W2/ref=sr_1_3?dchild=1&keywords=ultrawide+monitor&qid=1614962709&sr=8-3
"LG 34UM69G-B 34-Inch 21:9 UltraWide IPS Monitor with 1ms Motion Blur Reduction and FreeSync,Black",,4.6 out of 5 stars,"1,044",https://www.amazon.com/LG-34UM69G-B-34-Inch-UltraWide-Reduction/dp/B06XFXX5JH/ref=sr_1_4?dchild=1&keywords=ultrawide+monitor&qid=1614962709&sr=8-4
LG 34UM68-P 34-Inch 21:9 UltraWide IPS Monitor with FreeSync,,4.6 out of 5 stars,703,https://www.amazon.com/LG-34UM68-P-34-Inch-21-UltraWide/dp/B01BMES072/ref=sr_1_5?dchild=1&keywords=ultrawide+monitor&qid=1614962709&sr=8-5
"Samsung CF390 Series 27 inch FHD 1920x1080 Curved Desktop Monitor for Business, HDMI, VGA, VESA mountable, 3-Year Warranty, TAA (C27F390FHN), Black",,4.7 out of 5 stars,"2,483",https://www.amazon.com/Samsung-27-inch-Business-C27F390FHN-LED-Lit/dp/B01IPHVFUI/ref=sr_1_6?dchild=1&keywords=ultrawide+monitor&qid=1614962709&sr=8-6
"LG 38WN75C-B 38-Inch Class 21:9 Curved UltraWide QHD+ (3840 x 1600) IPS Display with HDR 10 and Tilt/Height Adjustable Stand, Black",,4.5 out of 5 stars,180,https://www.amazon.com/LG-38WN75C-B-38-Inch-Class-Adjustable/dp/B087YZG5YS/ref=sr_1_7?dchild=1&keywords=ultrawide+monitor&qid=1614962709&sr=8-7
"LG 34GL750-B 34 Inch 21: 9 Ultragear Curved Wfhd (2560 X 1080) IPS 144Hz G-SYNC Compatible Gaming Monitor,Black",,4.5 out of 5 stars,"1,257",https://www.amazon.com/LG-34GL750-B-inch-Ultragear-Compatible/dp/B07R5R9VR9/ref=sr_1_8?dchild=1&keywords=ultrawide+monitor&qid=1614962709&sr=8-8
"Samsung 49-Inch CHG90 144Hz Curved Gaming Monitor (LC49HG90DMNXZA) – Super Ultrawide Screen QLED Computer Monitor, 3840 x 1080p Resolution, 1ms Response, FreeSync 2 with HDR",,4.5 out of 5 stars,"1,308",https://www.amazon.com/Samsung-49-Inch-Curved-Monitor-LC49HG90DMNXZA/dp/B072C7TNC5/ref=sr_1_9?dchild=1&keywords=ultrawide+monitor&qid=1614962709&sr=8-9
"SAMSUNG LC34J791WTNXZA 34-Inch CJ791 Ultrawide Curved Gaming Monitor, White",,4.5 out of 5 stars,837,https://www.amazon.com/Samsung-CJ791-Thunderbolt-Curved-Monitor/dp/B07CS3JB5K/ref=sr_1_10?dchild=1&keywords=ultrawide+monitor&qid=1614962709&sr=8-10
LG 38UC99-W 38-Inch 21:9 Curved UltraWide QHD+ IPS Monitor with Bluetooth Speakers,,4.2 out of 5 stars,195,https://www.amazon.com/LG-38UC99-W-38-Inch-UltraWide-Bluetooth/dp/B01LW54S4U/ref=sr_1_11?dchild=1&keywords=ultrawide+monitor&qid=1614962709&sr=8-11
"LG 43UN700-B 43 Inch Class UHD (3840 X 2160) IPS Display with USB Type-C and HDR10 with 4 HDMI inputs, Black",,4.4 out of 5 stars,352,https://www.amazon.com/LG-43UN700-B-Display-Type-C-inputs/dp/B0821WWXV6/ref=sr_1_12?dchild=1&keywords=ultrawide+monitor&qid=1614962709&sr=8-12
LG Full HD IPS UltraWide Monitor,,4.4 out of 5 stars,"3,457",https://www.amazon.com/LG-25UM58-P-25-Inch-21-UltraWide/dp/B01BV1XB2K/ref=sr_1_13?dchild=1&keywords=ultrawide+monitor&qid=1614962709&sr=8-13
"Sceptre Curved 27"" 75Hz LED Monitor HDMI VGA Build-In Speakers, EDGE-LESS Metal Black 2019 (C275W-1920RN)",,4.7 out of 5 stars,"6,068",https://www.amazon.com/Sceptre-Monitor-Speakers-Edge-Less-C275W-1920RN/dp/B07MTRQ6B3/ref=sr_1_14?dchild=1&keywords=ultrawide+monitor&qid=1614962709&sr=8-14
"LG 34WN650-W 34-Inch 21:9 UltraWide Full HD (2560 x 1080) IPS Display with VESA DisplayHDR 400 and AMD FreeSync, Silver",,4.7 out of 5 stars,332,https://www.amazon.com/LG-34WN650-W-34-Inch-UltraWide-DisplayHDR/dp/B087JB656Q/ref=sr_1_15?dchild=1&keywords=ultrawide+monitor&qid=1614962709&sr=8-15
LG 38WK95C-W 38-Inch Class 21:9 Curved UltraWide WQHD+ Monitor with HDR 10 (2018),,4.4 out of 5 stars,285,https://www.amazon.com/LG-38WK95C-W-38-Inch-Class-UltraWide/dp/B079L4WR4T/ref=sr_1_16?dchild=1&keywords=ultrawide+monitor&qid=1614962709&sr=8-16
"LG 29WN600-W 29"" 21:9 UltraWide WFHD IPS HDR10 Monitor with FreeSync, Silver",,4.6 out of 5 stars,"1,296",https://www.amazon.com/LG-29WN600-W-29-21-UltraWide/dp/B0876DBCBX/ref=sr_1_1?dchild=1&keywords=ultrawide+monitor&qid=1614962715&sr=8-1
"SAMSUNG LC49RG90SSNXZA 49-Inch CRG9 Curved Gaming Monitor, Black",,4.4 out of 5 stars,"2,315",https://www.amazon.com/Samsung-Double-49-Inch-Monitor-LC49RG90SSNXZA/dp/B07L9HCJ2V/ref=sr_1_2?dchild=1&keywords=ultrawide+monitor&qid=1614962715&sr=8-2
"Samsung 34-Inch SJ55W Ultrawide Gaming Monitor (LS34J550WQNXZA) – 75Hz Refresh, WQHD Computer Monitor, 3440 x 1440p Resolution, 4ms Response, FreeSync, Split Screen, HDMI, Black",,4.4 out of 5 stars,491,https://www.amazon.com/Samsung-S34J55W-34-Inch-Ultrawide-LS34J550WQNXZA/dp/B07FBS36W2/ref=sr_1_3?dchild=1&keywords=ultrawide+monitor&qid=1614962715&sr=8-3
"LG 34UM69G-B 34-Inch 21:9 UltraWide IPS Monitor with 1ms Motion Blur Reduction and FreeSync,Black",,4.6 out of 5 stars,"1,044",https://www.amazon.com/LG-34UM69G-B-34-Inch-UltraWide-Reduction/dp/B06XFXX5JH/ref=sr_1_4?dchild=1&keywords=ultrawide+monitor&qid=1614962715&sr=8-4
LG 34UM68-P 34-Inch 21:9 UltraWide IPS Monitor with FreeSync,,4.6 out of 5 stars,703,https://www.amazon.com/LG-34UM68-P-34-Inch-21-UltraWide/dp/B01BMES072/ref=sr_1_5?dchild=1&keywords=ultrawide+monitor&qid=1614962715&sr=8-5
"Samsung CF390 Series 27 inch FHD 1920x1080 Curved Desktop Monitor for Business, HDMI, VGA, VESA mountable, 3-Year Warranty, TAA (C27F390FHN), Black",,4.7 out of 5 stars,"2,483",https://www.amazon.com/Samsung-27-inch-Business-C27F390FHN-LED-Lit/dp/B01IPHVFUI/ref=sr_1_6?dchild=1&keywords=ultrawide+monitor&qid=1614962715&sr=8-6
"LG 38WN75C-B 38-Inch Class 21:9 Curved UltraWide QHD+ (3840 x 1600) IPS Display with HDR 10 and Tilt/Height Adjustable Stand, Black",,4.5 out of 5 stars,180,https://www.amazon.com/LG-38WN75C-B-38-Inch-Class-Adjustable/dp/B087YZG5YS/ref=sr_1_7?dchild=1&keywords=ultrawide+monitor&qid=1614962715&sr=8-7
"LG 34GL750-B 34 Inch 21: 9 Ultragear Curved Wfhd (2560 X 1080) IPS 144Hz G-SYNC Compatible Gaming Monitor,Black",,4.5 out of 5 stars,"1,257",https://www.amazon.com/LG-34GL750-B-inch-Ultragear-Compatible/dp/B07R5R9VR9/ref=sr_1_8?dchild=1&keywords=ultrawide+monitor&qid=1614962715&sr=8-8
"Samsung 49-Inch CHG90 144Hz Curved Gaming Monitor (LC49HG90DMNXZA) – Super Ultrawide Screen QLED Computer Monitor, 3840 x 1080p Resolution, 1ms Response, FreeSync 2 with HDR",,4.5 out of 5 stars,"1,308",https://www.amazon.com/Samsung-49-Inch-Curved-Monitor-LC49HG90DMNXZA/dp/B072C7TNC5/ref=sr_1_9?dchild=1&keywords=ultrawide+monitor&qid=1614962715&sr=8-9
"SAMSUNG LC34J791WTNXZA 34-Inch CJ791 Ultrawide Curved Gaming Monitor, White",,4.5 out of 5 stars,837,https://www.amazon.com/Samsung-CJ791-Thunderbolt-Curved-Monitor/dp/B07CS3JB5K/ref=sr_1_10?dchild=1&keywords=ultrawide+monitor&qid=1614962715&sr=8-10
LG 38UC99-W 38-Inch 21:9 Curved UltraWide QHD+ IPS Monitor with Bluetooth Speakers,,4.2 out of 5 stars,195,https://www.amazon.com/LG-38UC99-W-38-Inch-UltraWide-Bluetooth/dp/B01LW54S4U/ref=sr_1_11?dchild=1&keywords=ultrawide+monitor&qid=1614962715&sr=8-11
"LG 43UN700-B 43 Inch Class UHD (3840 X 2160) IPS Display with USB Type-C and HDR10 with 4 HDMI inputs, Black",,4.4 out of 5 stars,352,https://www.amazon.com/LG-43UN700-B-Display-Type-C-inputs/dp/B0821WWXV6/ref=sr_1_12?dchild=1&keywords=ultrawide+monitor&qid=1614962715&sr=8-12
LG Full HD IPS UltraWide Monitor,,4.4 out of 5 stars,"3,457",https://www.amazon.com/LG-25UM58-P-25-Inch-21-UltraWide/dp/B01BV1XB2K/ref=sr_1_13?dchild=1&keywords=ultrawide+monitor&qid=1614962715&sr=8-13
"Sceptre Curved 27"" 75Hz LED Monitor HDMI VGA Build-In Speakers, EDGE-LESS Metal Black 2019 (C275W-1920RN)",,4.7 out of 5 stars,"6,068",https://www.amazon.com/Sceptre-Monitor-Speakers-Edge-Less-C275W-1920RN/dp/B07MTRQ6B3/ref=sr_1_14?dchild=1&keywords=ultrawide+monitor&qid=1614962715&sr=8-14
"LG 34WN650-W 34-Inch 21:9 UltraWide Full HD (2560 x 1080) IPS Display with VESA DisplayHDR 400 and AMD FreeSync, Silver",,4.7 out of 5 stars,332,https://www.amazon.com/LG-34WN650-W-34-Inch-UltraWide-DisplayHDR/dp/B087JB656Q/ref=sr_1_15?dchild=1&keywords=ultrawide+monitor&qid=1614962715&sr=8-15
LG 38WK95C-W 38-Inch Class 21:9 Curved UltraWide WQHD+ Monitor with HDR 10 (2018),,4.4 out of 5 stars,285,https://www.amazon.com/LG-38WK95C-W-38-Inch-Class-UltraWide/dp/B079L4WR4T/ref=sr_1_16?dchild=1&keywords=ultrawide+monitor&qid=1614962715&sr=8-16
"LG 29WN600-W 29"" 21:9 UltraWide WFHD IPS HDR10 Monitor with FreeSync, Silver",,4.6 out of 5 stars,"1,296",https://www.amazon.com/LG-29WN600-W-29-21-UltraWide/dp/B0876DBCBX/ref=sr_1_1?dchild=1&keywords=ultrawide+monitor&qid=1614962718&sr=8-1
"SAMSUNG LC49RG90SSNXZA 49-Inch CRG9 Curved Gaming Monitor, Black",,4.4 out of 5 stars,"2,315",https://www.amazon.com/Samsung-Double-49-Inch-Monitor-LC49RG90SSNXZA/dp/B07L9HCJ2V/ref=sr_1_2?dchild=1&keywords=ultrawide+monitor&qid=1614962718&sr=8-2
"Samsung 34-Inch SJ55W Ultrawide Gaming Monitor (LS34J550WQNXZA) – 75Hz Refresh, WQHD Computer Monitor, 3440 x 1440p Resolution, 4ms Response, FreeSync, Split Screen, HDMI, Black",,4.4 out of 5 stars,491,https://www.amazon.com/Samsung-S34J55W-34-Inch-Ultrawide-LS34J550WQNXZA/dp/B07FBS36W2/ref=sr_1_3?dchild=1&keywords=ultrawide+monitor&qid=1614962718&sr=8-3
"LG 34UM69G-B 34-Inch 21:9 UltraWide IPS Monitor with 1ms Motion Blur Reduction and FreeSync,Black",,4.6 out of 5 stars,"1,044",https://www.amazon.com/LG-34UM69G-B-34-Inch-UltraWide-Reduction/dp/B06XFXX5JH/ref=sr_1_4?dchild=1&keywords=ultrawide+monitor&qid=1614962718&sr=8-4
LG 34UM68-P 34-Inch 21:9 UltraWide IPS Monitor with FreeSync,,4.6 out of 5 stars,703,https://www.amazon.com/LG-34UM68-P-34-Inch-21-UltraWide/dp/B01BMES072/ref=sr_1_5?dchild=1&keywords=ultrawide+monitor&qid=1614962718&sr=8-5
"Samsung CF390 Series 27 inch FHD 1920x1080 Curved Desktop Monitor for Business, HDMI, VGA, VESA mountable, 3-Year Warranty, TAA (C27F390FHN), Black",,4.7 out of 5 stars,"2,483",https://www.amazon.com/Samsung-27-inch-Business-C27F390FHN-LED-Lit/dp/B01IPHVFUI/ref=sr_1_6?dchild=1&keywords=ultrawide+monitor&qid=1614962718&sr=8-6
"LG 38WN75C-B 38-Inch Class 21:9 Curved UltraWide QHD+ (3840 x 1600) IPS Display with HDR 10 and Tilt/Height Adjustable Stand, Black",,4.5 out of 5 stars,180,https://www.amazon.com/LG-38WN75C-B-38-Inch-Class-Adjustable/dp/B087YZG5YS/ref=sr_1_7?dchild=1&keywords=ultrawide+monitor&qid=1614962718&sr=8-7
"LG 34GL750-B 34 Inch 21: 9 Ultragear Curved Wfhd (2560 X 1080) IPS 144Hz G-SYNC Compatible Gaming Monitor,Black",,4.5 out of 5 stars,"1,257",https://www.amazon.com/LG-34GL750-B-inch-Ultragear-Compatible/dp/B07R5R9VR9/ref=sr_1_8?dchild=1&keywords=ultrawide+monitor&qid=1614962718&sr=8-8
"Samsung 49-Inch CHG90 144Hz Curved Gaming Monitor (LC49HG90DMNXZA) – Super Ultrawide Screen QLED Computer Monitor, 3840 x 1080p Resolution, 1ms Response, FreeSync 2 with HDR",,4.5 out of 5 stars,"1,308",https://www.amazon.com/Samsung-49-Inch-Curved-Monitor-LC49HG90DMNXZA/dp/B072C7TNC5/ref=sr_1_9?dchild=1&keywords=ultrawide+monitor&qid=1614962718&sr=8-9
"SAMSUNG LC34J791WTNXZA 34-Inch CJ791 Ultrawide Curved Gaming Monitor, White",,4.5 out of 5 stars,837,https://www.amazon.com/Samsung-CJ791-Thunderbolt-Curved-Monitor/dp/B07CS3JB5K/ref=sr_1_10?dchild=1&keywords=ultrawide+monitor&qid=1614962718&sr=8-10
LG 38UC99-W 38-Inch 21:9 Curved UltraWide QHD+ IPS Monitor with Bluetooth Speakers,,4.2 out of 5 stars,195,https://www.amazon.com/LG-38UC99-W-38-Inch-UltraWide-Bluetooth/dp/B01LW54S4U/ref=sr_1_11?dchild=1&keywords=ultrawide+monitor&qid=1614962718&sr=8-11
"LG 43UN700-B 43 Inch Class UHD (3840 X 2160) IPS Display with USB Type-C and HDR10 with 4 HDMI inputs, Black",,4.4 out of 5 stars,352,https://www.amazon.com/LG-43UN700-B-Display-Type-C-inputs/dp/B0821WWXV6/ref=sr_1_12?dchild=1&keywords=ultrawide+monitor&qid=1614962718&sr=8-12
LG Full HD IPS UltraWide Monitor,,4.4 out of 5 stars,"3,457",https://www.amazon.com/LG-25UM58-P-25-Inch-21-UltraWide/dp/B01BV1XB2K/ref=sr_1_13?dchild=1&keywords=ultrawide+monitor&qid=1614962718&sr=8-13
"Sceptre Curved 27"" 75Hz LED Monitor HDMI VGA Build-In Speakers, EDGE-LESS Metal Black 2019 (C275W-1920RN)",,4.7 out of 5 stars,"6,068",https://www.amazon.com/Sceptre-Monitor-Speakers-Edge-Less-C275W-1920RN/dp/B07MTRQ6B3/ref=sr_1_14?dchild=1&keywords=ultrawide+monitor&qid=1614962718&sr=8-14
"LG 34WN650-W 34-Inch 21:9 UltraWide Full HD (2560 x 1080) IPS Display with VESA DisplayHDR 400 and AMD FreeSync, Silver",,4.7 out of 5 stars,332,https://www.amazon.com/LG-34WN650-W-34-Inch-UltraWide-DisplayHDR/dp/B087JB656Q/ref=sr_1_15?dchild=1&keywords=ultrawide+monitor&qid=1614962718&sr=8-15
LG 38WK95C-W 38-Inch Class 21:9 Curved UltraWide WQHD+ Monitor with HDR 10 (2018),,4.4 out of 5 stars,285,https://www.amazon.com/LG-38WK95C-W-38-Inch-Class-UltraWide/dp/B079L4WR4T/ref=sr_1_16?dchild=1&keywords=ultrawide+monitor&qid=1614962718&sr=8-16
"LG 29WN600-W 29"" 21:9 UltraWide WFHD IPS HDR10 Monitor with FreeSync, Silver",,4.6 out of 5 stars,"1,296",https://www.amazon.com/LG-29WN600-W-29-21-UltraWide/dp/B0876DBCBX/ref=sr_1_1?dchild=1&keywords=ultrawide+monitor&qid=1614962722&sr=8-1
"SAMSUNG LC49RG90SSNXZA 49-Inch CRG9 Curved Gaming Monitor, Black",,4.4 out of 5 stars,"2,315",https://www.amazon.com/Samsung-Double-49-Inch-Monitor-LC49RG90SSNXZA/dp/B07L9HCJ2V/ref=sr_1_2?dchild=1&keywords=ultrawide+monitor&qid=1614962722&sr=8-2
"Samsung 34-Inch SJ55W Ultrawide Gaming Monitor (LS34J550WQNXZA) – 75Hz Refresh, WQHD Computer Monitor, 3440 x 1440p Resolution, 4ms Response, FreeSync, Split Screen, HDMI, Black",,4.4 out of 5 stars,491,https://www.amazon.com/Samsung-S34J55W-34-Inch-Ultrawide-LS34J550WQNXZA/dp/B07FBS36W2/ref=sr_1_3?dchild=1&keywords=ultrawide+monitor&qid=1614962722&sr=8-3
"LG 34UM69G-B 34-Inch 21:9 UltraWide IPS Monitor with 1ms Motion Blur Reduction and FreeSync,Black",,4.6 out of 5 stars,"1,044",https://www.amazon.com/LG-34UM69G-B-34-Inch-UltraWide-Reduction/dp/B06XFXX5JH/ref=sr_1_4?dchild=1&keywords=ultrawide+monitor&qid=1614962722&sr=8-4
LG 34UM68-P 34-Inch 21:9 UltraWide IPS Monitor with FreeSync,,4.6 out of 5 stars,703,https://www.amazon.com/LG-34UM68-P-34-Inch-21-UltraWide/dp/B01BMES072/ref=sr_1_5?dchild=1&keywords=ultrawide+monitor&qid=1614962722&sr=8-5
"Samsung CF390 Series 27 inch FHD 1920x1080 Curved Desktop Monitor for Business, HDMI, VGA, VESA mountable, 3-Year Warranty, TAA (C27F390FHN), Black",,4.7 out of 5 stars,"2,483",https://www.amazon.com/Samsung-27-inch-Business-C27F390FHN-LED-Lit/dp/B01IPHVFUI/ref=sr_1_6?dchild=1&keywords=ultrawide+monitor&qid=1614962722&sr=8-6
"LG 38WN75C-B 38-Inch Class 21:9 Curved UltraWide QHD+ (3840 x 1600) IPS Display with HDR 10 and Tilt/Height Adjustable Stand, Black",,4.5 out of 5 stars,180,https://www.amazon.com/LG-38WN75C-B-38-Inch-Class-Adjustable/dp/B087YZG5YS/ref=sr_1_7?dchild=1&keywords=ultrawide+monitor&qid=1614962722&sr=8-7
"LG 34GL750-B 34 Inch 21: 9 Ultragear Curved Wfhd (2560 X 1080) IPS 144Hz G-SYNC Compatible Gaming Monitor,Black",,4.5 out of 5 stars,"1,257",https://www.amazon.com/LG-34GL750-B-inch-Ultragear-Compatible/dp/B07R5R9VR9/ref=sr_1_8?dchild=1&keywords=ultrawide+monitor&qid=1614962722&sr=8-8
"Samsung 49-Inch CHG90 144Hz Curved Gaming Monitor (LC49HG90DMNXZA) – Super Ultrawide Screen QLED Computer Monitor, 3840 x 1080p Resolution, 1ms Response, FreeSync 2 with HDR",,4.5 out of 5 stars,"1,308",https://www.amazon.com/Samsung-49-Inch-Curved-Monitor-LC49HG90DMNXZA/dp/B072C7TNC5/ref=sr_1_9?dchild=1&keywords=ultrawide+monitor&qid=1614962722&sr=8-9
"SAMSUNG LC34J791WTNXZA 34-Inch CJ791 Ultrawide Curved Gaming Monitor, White",,4.5 out of 5 stars,837,https://www.amazon.com/Samsung-CJ791-Thunderbolt-Curved-Monitor/dp/B07CS3JB5K/ref=sr_1_10?dchild=1&keywords=ultrawide+monitor&qid=1614962722&sr=8-10
LG 38UC99-W 38-Inch 21:9 Curved UltraWide QHD+ IPS Monitor with Bluetooth Speakers,,4.2 out of 5 stars,195,https://www.amazon.com/LG-38UC99-W-38-Inch-UltraWide-Bluetooth/dp/B01LW54S4U/ref=sr_1_11?dchild=1&keywords=ultrawide+monitor&qid=1614962722&sr=8-11
"LG 43UN700-B 43 Inch Class UHD (3840 X 2160) IPS Display with USB Type-C and HDR10 with 4 HDMI inputs, Black",,4.4 out of 5 stars,352,https://www.amazon.com/LG-43UN700-B-Display-Type-C-inputs/dp/B0821WWXV6/ref=sr_1_12?dchild=1&keywords=ultrawide+monitor&qid=1614962722&sr=8-12
LG Full HD IPS UltraWide Monitor,,4.4 out of 5 stars,"3,457",https://www.amazon.com/LG-25UM58-P-25-Inch-21-UltraWide/dp/B01BV1XB2K/ref=sr_1_13?dchild=1&keywords=ultrawide+monitor&qid=1614962722&sr=8-13
"Sceptre Curved 27"" 75Hz LED Monitor HDMI VGA Build-In Speakers, EDGE-LESS Metal Black 2019 (C275W-1920RN)",,4.7 out of 5 stars,"6,068",https://www.amazon.com/Sceptre-Monitor-Speakers-Edge-Less-C275W-1920RN/dp/B07MTRQ6B3/ref=sr_1_14?dchild=1&keywords=ultrawide+monitor&qid=1614962722&sr=8-14
"LG 34WN650-W 34-Inch 21:9 UltraWide Full HD (2560 x 1080) IPS Display with VESA DisplayHDR 400 and AMD FreeSync, Silver",,4.7 out of 5 stars,332,https://www.amazon.com/LG-34WN650-W-34-Inch-UltraWide-DisplayHDR/dp/B087JB656Q/ref=sr_1_15?dchild=1&keywords=ultrawide+monitor&qid=1614962722&sr=8-15
LG 38WK95C-W 38-Inch Class 21:9 Curved UltraWide WQHD+ Monitor with HDR 10 (2018),,4.4 out of 5 stars,285,https://www.amazon.com/LG-38WK95C-W-38-Inch-Class-UltraWide/dp/B079L4WR4T/ref=sr_1_16?dchild=1&keywords=ultrawide+monitor&qid=1614962722&sr=8-16
"LG 29WN600-W 29"" 21:9 UltraWide WFHD IPS HDR10 Monitor with FreeSync, Silver",,4.6 out of 5 stars,"1,296",https://www.amazon.com/LG-29WN600-W-29-21-UltraWide/dp/B0876DBCBX/ref=sr_1_1?dchild=1&keywords=ultrawide+monitor&qid=1614962728&sr=8-1
"SAMSUNG LC49RG90SSNXZA 49-Inch CRG9 Curved Gaming Monitor, Black",,4.4 out of 5 stars,"2,315",https://www.amazon.com/Samsung-Double-49-Inch-Monitor-LC49RG90SSNXZA/dp/B07L9HCJ2V/ref=sr_1_2?dchild=1&keywords=ultrawide+monitor&qid=1614962728&sr=8-2
"Samsung 34-Inch SJ55W Ultrawide Gaming Monitor (LS34J550WQNXZA) – 75Hz Refresh, WQHD Computer Monitor, 3440 x 1440p Resolution, 4ms Response, FreeSync, Split Screen, HDMI, Black",,4.4 out of 5 stars,491,https://www.amazon.com/Samsung-S34J55W-34-Inch-Ultrawide-LS34J550WQNXZA/dp/B07FBS36W2/ref=sr_1_3?dchild=1&keywords=ultrawide+monitor&qid=1614962728&sr=8-3
"LG 34UM69G-B 34-Inch 21:9 UltraWide IPS Monitor with 1ms Motion Blur Reduction and FreeSync,Black",,4.6 out of 5 stars,"1,044",https://www.amazon.com/LG-34UM69G-B-34-Inch-UltraWide-Reduction/dp/B06XFXX5JH/ref=sr_1_4?dchild=1&keywords=ultrawide+monitor&qid=1614962728&sr=8-4
LG 34UM68-P 34-Inch 21:9 UltraWide IPS Monitor with FreeSync,,4.6 out of 5 stars,703,https://www.amazon.com/LG-34UM68-P-34-Inch-21-UltraWide/dp/B01BMES072/ref=sr_1_5?dchild=1&keywords=ultrawide+monitor&qid=1614962728&sr=8-5
"Samsung CF390 Series 27 inch FHD 1920x1080 Curved Desktop Monitor for Business, HDMI, VGA, VESA mountable, 3-Year Warranty, TAA (C27F390FHN), Black",,4.7 out of 5 stars,"2,483",https://www.amazon.com/Samsung-27-inch-Business-C27F390FHN-LED-Lit/dp/B01IPHVFUI/ref=sr_1_6?dchild=1&keywords=ultrawide+monitor&qid=1614962728&sr=8-6
"LG 38WN75C-B 38-Inch Class 21:9 Curved UltraWide QHD+ (3840 x 1600) IPS Display with HDR 10 and Tilt/Height Adjustable Stand, Black",,4.5 out of 5 stars,180,https://www.amazon.com/LG-38WN75C-B-38-Inch-Class-Adjustable/dp/B087YZG5YS/ref=sr_1_7?dchild=1&keywords=ultrawide+monitor&qid=1614962728&sr=8-7
"LG 34GL750-B 34 Inch 21: 9 Ultragear Curved Wfhd (2560 X 1080) IPS 144Hz G-SYNC Compatible Gaming Monitor,Black",,4.5 out of 5 stars,"1,257",https://www.amazon.com/LG-34GL750-B-inch-Ultragear-Compatible/dp/B07R5R9VR9/ref=sr_1_8?dchild=1&keywords=ultrawide+monitor&qid=1614962728&sr=8-8
"Samsung 49-Inch CHG90 144Hz Curved Gaming Monitor (LC49HG90DMNXZA) – Super Ultrawide Screen QLED Computer Monitor, 3840 x 1080p Resolution, 1ms Response, FreeSync 2 with HDR",,4.5 out of 5 stars,"1,308",https://www.amazon.com/Samsung-49-Inch-Curved-Monitor-LC49HG90DMNXZA/dp/B072C7TNC5/ref=sr_1_9?dchild=1&keywords=ultrawide+monitor&qid=1614962728&sr=8-9
"SAMSUNG LC34J791WTNXZA 34-Inch CJ791 Ultrawide Curved Gaming Monitor, White",,4.5 out of 5 stars,837,https://www.amazon.com/Samsung-CJ791-Thunderbolt-Curved-Monitor/dp/B07CS3JB5K/ref=sr_1_10?dchild=1&keywords=ultrawide+monitor&qid=1614962728&sr=8-10
LG 38UC99-W 38-Inch 21:9 Curved UltraWide QHD+ IPS Monitor with Bluetooth Speakers,,4.2 out of 5 stars,195,https://www.amazon.com/LG-38UC99-W-38-Inch-UltraWide-Bluetooth/dp/B01LW54S4U/ref=sr_1_11?dchild=1&keywords=ultrawide+monitor&qid=1614962728&sr=8-11
"LG 43UN700-B 43 Inch Class UHD (3840 X 2160) IPS Display with USB Type-C and HDR10 with 4 HDMI inputs, Black",,4.4 out of 5 stars,352,https://www.amazon.com/LG-43UN700-B-Display-Type-C-inputs/dp/B0821WWXV6/ref=sr_1_12?dchild=1&keywords=ultrawide+monitor&qid=1614962728&sr=8-12
LG Full HD IPS UltraWide Monitor,,4.4 out of 5 stars,"3,457",https://www.amazon.com/LG-25UM58-P-25-Inch-21-UltraWide/dp/B01BV1XB2K/ref=sr_1_13?dchild=1&keywords=ultrawide+monitor&qid=1614962728&sr=8-13
"Sceptre Curved 27"" 75Hz LED Monitor HDMI VGA Build-In Speakers, EDGE-LESS Metal Black 2019 (C275W-1920RN)",,4.7 out of 5 stars,"6,068",https://www.amazon.com/Sceptre-Monitor-Speakers-Edge-Less-C275W-1920RN/dp/B07MTRQ6B3/ref=sr_1_14?dchild=1&keywords=ultrawide+monitor&qid=1614962728&sr=8-14
"LG 34WN650-W 34-Inch 21:9 UltraWide Full HD (2560 x 1080) IPS Display with VESA DisplayHDR 400 and AMD FreeSync, Silver",,4.7 out of 5 stars,332,https://www.amazon.com/LG-34WN650-W-34-Inch-UltraWide-DisplayHDR/dp/B087JB656Q/ref=sr_1_15?dchild=1&keywords=ultrawide+monitor&qid=1614962728&sr=8-15
LG 38WK95C-W 38-Inch Class 21:9 Curved UltraWide WQHD+ Monitor with HDR 10 (2018),,4.4 out of 5 stars,285,https://www.amazon.com/LG-38WK95C-W-38-Inch-Class-UltraWide/dp/B079L4WR4T/ref=sr_1_16?dchild=1&keywords=ultrawide+monitor&qid=1614962728&sr=8-16
"LG 29WN600-W 29"" 21:9 UltraWide WFHD IPS HDR10 Monitor with FreeSync, Silver",,4.6 out of 5 stars,"1,296",https://www.amazon.com/LG-29WN600-W-29-21-UltraWide/dp/B0876DBCBX/ref=sr_1_1?dchild=1&keywords=ultrawide+monitor&qid=1614962736&sr=8-1
"SAMSUNG LC49RG90SSNXZA 49-Inch CRG9 Curved Gaming Monitor, Black",,4.4 out of 5 stars,"2,315",https://www.amazon.com/Samsung-Double-49-Inch-Monitor-LC49RG90SSNXZA/dp/B07L9HCJ2V/ref=sr_1_2?dchild=1&keywords=ultrawide+monitor&qid=1614962736&sr=8-2
"Samsung 34-Inch SJ55W Ultrawide Gaming Monitor (LS34J550WQNXZA) – 75Hz Refresh, WQHD Computer Monitor, 3440 x 1440p Resolution, 4ms Response, FreeSync, Split Screen, HDMI, Black",,4.4 out of 5 stars,491,https://www.amazon.com/Samsung-S34J55W-34-Inch-Ultrawide-LS34J550WQNXZA/dp/B07FBS36W2/ref=sr_1_3?dchild=1&keywords=ultrawide+monitor&qid=1614962736&sr=8-3
"LG 34UM69G-B 34-Inch 21:9 UltraWide IPS Monitor with 1ms Motion Blur Reduction and FreeSync,Black",,4.6 out of 5 stars,"1,044",https://www.amazon.com/LG-34UM69G-B-34-Inch-UltraWide-Reduction/dp/B06XFXX5JH/ref=sr_1_4?dchild=1&keywords=ultrawide+monitor&qid=1614962736&sr=8-4
LG 34UM68-P 34-Inch 21:9 UltraWide IPS Monitor with FreeSync,,4.6 out of 5 stars,703,https://www.amazon.com/LG-34UM68-P-34-Inch-21-UltraWide/dp/B01BMES072/ref=sr_1_5?dchild=1&keywords=ultrawide+monitor&qid=1614962736&sr=8-5
"Samsung CF390 Series 27 inch FHD 1920x1080 Curved Desktop Monitor for Business, HDMI, VGA, VESA mountable, 3-Year Warranty, TAA (C27F390FHN), Black",,4.7 out of 5 stars,"2,483",https://www.amazon.com/Samsung-27-inch-Business-C27F390FHN-LED-Lit/dp/B01IPHVFUI/ref=sr_1_6?dchild=1&keywords=ultrawide+monitor&qid=1614962736&sr=8-6
"LG 38WN75C-B 38-Inch Class 21:9 Curved UltraWide QHD+ (3840 x 1600) IPS Display with HDR 10 and Tilt/Height Adjustable Stand, Black",,4.5 out of 5 stars,180,https://www.amazon.com/LG-38WN75C-B-38-Inch-Class-Adjustable/dp/B087YZG5YS/ref=sr_1_7?dchild=1&keywords=ultrawide+monitor&qid=1614962736&sr=8-7
"LG 34GL750-B 34 Inch 21: 9 Ultragear Curved Wfhd (2560 X 1080) IPS 144Hz G-SYNC Compatible Gaming Monitor,Black",,4.5 out of 5 stars,"1,257",https://www.amazon.com/LG-34GL750-B-inch-Ultragear-Compatible/dp/B07R5R9VR9/ref=sr_1_8?dchild=1&keywords=ultrawide+monitor&qid=1614962736&sr=8-8
"Samsung 49-Inch CHG90 144Hz Curved Gaming Monitor (LC49HG90DMNXZA) – Super Ultrawide Screen QLED Computer Monitor, 3840 x 1080p Resolution, 1ms Response, FreeSync 2 with HDR",,4.5 out of 5 stars,"1,308",https://www.amazon.com/Samsung-49-Inch-Curved-Monitor-LC49HG90DMNXZA/dp/B072C7TNC5/ref=sr_1_9?dchild=1&keywords=ultrawide+monitor&qid=1614962736&sr=8-9
"SAMSUNG LC34J791WTNXZA 34-Inch CJ791 Ultrawide Curved Gaming Monitor, White",,4.5 out of 5 stars,837,https://www.amazon.com/Samsung-CJ791-Thunderbolt-Curved-Monitor/dp/B07CS3JB5K/ref=sr_1_10?dchild=1&keywords=ultrawide+monitor&qid=1614962736&sr=8-10
LG 38UC99-W 38-Inch 21:9 Curved UltraWide QHD+ IPS Monitor with Bluetooth Speakers,,4.2 out of 5 stars,195,https://www.amazon.com/LG-38UC99-W-38-Inch-UltraWide-Bluetooth/dp/B01LW54S4U/ref=sr_1_11?dchild=1&keywords=ultrawide+monitor&qid=1614962736&sr=8-11
"LG 43UN700-B 43 Inch Class UHD (3840 X 2160) IPS Display with USB Type-C and HDR10 with 4 HDMI inputs, Black",,4.4 out of 5 stars,352,https://www.amazon.com/LG-43UN700-B-Display-Type-C-inputs/dp/B0821WWXV6/ref=sr_1_12?dchild=1&keywords=ultrawide+monitor&qid=1614962736&sr=8-12
LG Full HD IPS UltraWide Monitor,,4.4 out of 5 stars,"3,457",https://www.amazon.com/LG-25UM58-P-25-Inch-21-UltraWide/dp/B01BV1XB2K/ref=sr_1_13?dchild=1&keywords=ultrawide+monitor&qid=1614962736&sr=8-13
"Sceptre Curved 27"" 75Hz LED Monitor HDMI VGA Build-In Speakers, EDGE-LESS Metal Black 2019 (C275W-1920RN)",,4.7 out of 5 stars,"6,068",https://www.amazon.com/Sceptre-Monitor-Speakers-Edge-Less-C275W-1920RN/dp/B07MTRQ6B3/ref=sr_1_14?dchild=1&keywords=ultrawide+monitor&qid=1614962736&sr=8-14
"LG 34WN650-W 34-Inch 21:9 UltraWide Full HD (2560 x 1080) IPS Display with VESA DisplayHDR 400 and AMD FreeSync, Silver",,4.7 out of 5 stars,332,https://www.amazon.com/LG-34WN650-W-34-Inch-UltraWide-DisplayHDR/dp/B087JB656Q/ref=sr_1_15?dchild=1&keywords=ultrawide+monitor&qid=1614962736&sr=8-15
LG 38WK95C-W 38-Inch Class 21:9 Curved UltraWide WQHD+ Monitor with HDR 10 (2018),,4.4 out of 5 stars,285,https://www.amazon.com/LG-38WK95C-W-38-Inch-Class-UltraWide/dp/B079L4WR4T/ref=sr_1_16?dchild=1&keywords=ultrawide+monitor&qid=1614962736&sr=8-16
"LG 29WN600-W 29"" 21:9 UltraWide WFHD IPS HDR10 Monitor with FreeSync, Silver",,4.6 out of 5 stars,"1,296",https://www.amazon.com/LG-29WN600-W-29-21-UltraWide/dp/B0876DBCBX/ref=sr_1_1?dchild=1&keywords=ultrawide+monitor&qid=1614962743&sr=8-1
"SAMSUNG LC49RG90SSNXZA 49-Inch CRG9 Curved Gaming Monitor, Black",,4.4 out of 5 stars,"2,315",https://www.amazon.com/Samsung-Double-49-Inch-Monitor-LC49RG90SSNXZA/dp/B07L9HCJ2V/ref=sr_1_2?dchild=1&keywords=ultrawide+monitor&qid=1614962743&sr=8-2
"Samsung 34-Inch SJ55W Ultrawide Gaming Monitor (LS34J550WQNXZA) – 75Hz Refresh, WQHD Computer Monitor, 3440 x 1440p Resolution, 4ms Response, FreeSync, Split Screen, HDMI, Black",,4.4 out of 5 stars,491,https://www.amazon.com/Samsung-S34J55W-34-Inch-Ultrawide-LS34J550WQNXZA/dp/B07FBS36W2/ref=sr_1_3?dchild=1&keywords=ultrawide+monitor&qid=1614962743&sr=8-3
"LG 34UM69G-B 34-Inch 21:9 UltraWide IPS Monitor with 1ms Motion Blur Reduction and FreeSync,Black",,4.6 out of 5 stars,"1,044",https://www.amazon.com/LG-34UM69G-B-34-Inch-UltraWide-Reduction/dp/B06XFXX5JH/ref=sr_1_4?dchild=1&keywords=ultrawide+monitor&qid=1614962743&sr=8-4
LG 34UM68-P 34-Inch 21:9 UltraWide IPS Monitor with FreeSync,,4.6 out of 5 stars,703,https://www.amazon.com/LG-34UM68-P-34-Inch-21-UltraWide/dp/B01BMES072/ref=sr_1_5?dchild=1&keywords=ultrawide+monitor&qid=1614962743&sr=8-5
"Samsung CF390 Series 27 inch FHD 1920x1080 Curved Desktop Monitor for Business, HDMI, VGA, VESA mountable, 3-Year Warranty, TAA (C27F390FHN), Black",,4.7 out of 5 stars,"2,483",https://www.amazon.com/Samsung-27-inch-Business-C27F390FHN-LED-Lit/dp/B01IPHVFUI/ref=sr_1_6?dchild=1&keywords=ultrawide+monitor&qid=1614962743&sr=8-6
"LG 38WN75C-B 38-Inch Class 21:9 Curved UltraWide QHD+ (3840 x 1600) IPS Display with HDR 10 and Tilt/Height Adjustable Stand, Black",,4.5 out of 5 stars,180,https://www.amazon.com/LG-38WN75C-B-38-Inch-Class-Adjustable/dp/B087YZG5YS/ref=sr_1_7?dchild=1&keywords=ultrawide+monitor&qid=1614962743&sr=8-7
"LG 34GL750-B 34 Inch 21: 9 Ultragear Curved Wfhd (2560 X 1080) IPS 144Hz G-SYNC Compatible Gaming Monitor,Black",,4.5 out of 5 stars,"1,257",https://www.amazon.com/LG-34GL750-B-inch-Ultragear-Compatible/dp/B07R5R9VR9/ref=sr_1_8?dchild=1&keywords=ultrawide+monitor&qid=1614962743&sr=8-8
"Samsung 49-Inch CHG90 144Hz Curved Gaming Monitor (LC49HG90DMNXZA) – Super Ultrawide Screen QLED Computer Monitor, 3840 x 1080p Resolution, 1ms Response, FreeSync 2 with HDR",,4.5 out of 5 stars,"1,308",https://www.amazon.com/Samsung-49-Inch-Curved-Monitor-LC49HG90DMNXZA/dp/B072C7TNC5/ref=sr_1_9?dchild=1&keywords=ultrawide+monitor&qid=1614962743&sr=8-9
"SAMSUNG LC34J791WTNXZA 34-Inch CJ791 Ultrawide Curved Gaming Monitor, White",,4.5 out of 5 stars,837,https://www.amazon.com/Samsung-CJ791-Thunderbolt-Curved-Monitor/dp/B07CS3JB5K/ref=sr_1_10?dchild=1&keywords=ultrawide+monitor&qid=1614962743&sr=8-10
LG 38UC99-W 38-Inch 21:9 Curved UltraWide QHD+ IPS Monitor with Bluetooth Speakers,,4.2 out of 5 stars,195,https://www.amazon.com/LG-38UC99-W-38-Inch-UltraWide-Bluetooth/dp/B01LW54S4U/ref=sr_1_11?dchild=1&keywords=ultrawide+monitor&qid=1614962743&sr=8-11
"LG 43UN700-B 43 Inch Class UHD (3840 X 2160) IPS Display with USB Type-C and HDR10 with 4 HDMI inputs, Black",,4.4 out of 5 stars,352,https://www.amazon.com/LG-43UN700-B-Display-Type-C-inputs/dp/B0821WWXV6/ref=sr_1_12?dchild=1&keywords=ultrawide+monitor&qid=1614962743&sr=8-12
LG Full HD IPS UltraWide Monitor,,4.4 out of 5 stars,"3,457",https://www.amazon.com/LG-25UM58-P-25-Inch-21-UltraWide/dp/B01BV1XB2K/ref=sr_1_13?dchild=1&keywords=ultrawide+monitor&qid=1614962743&sr=8-13
"Sceptre Curved 27"" 75Hz LED Monitor HDMI VGA Build-In Speakers, EDGE-LESS Metal Black 2019 (C275W-1920RN)",,4.7 out of 5 stars,"6,068",https://www.amazon.com/Sceptre-Monitor-Speakers-Edge-Less-C275W-1920RN/dp/B07MTRQ6B3/ref=sr_1_14?dchild=1&keywords=ultrawide+monitor&qid=1614962743&sr=8-14
"LG 34WN650-W 34-Inch 21:9 UltraWide Full HD (2560 x 1080) IPS Display with VESA DisplayHDR 400 and AMD FreeSync, Silver",,4.7 out of 5 stars,332,https://www.amazon.com/LG-34WN650-W-34-Inch-UltraWide-DisplayHDR/dp/B087JB656Q/ref=sr_1_15?dchild=1&keywords=ultrawide+monitor&qid=1614962743&sr=8-15
LG 38WK95C-W 38-Inch Class 21:9 Curved UltraWide WQHD+ Monitor with HDR 10 (2018),,4.4 out of 5 stars,285,https://www.amazon.com/LG-38WK95C-W-38-Inch-Class-UltraWide/dp/B079L4WR4T/ref=sr_1_16?dchild=1&keywords=ultrawide+monitor&qid=1614962743&sr=8-16
"LG 29WN600-W 29"" 21:9 UltraWide WFHD IPS HDR10 Monitor with FreeSync, Silver",,4.6 out of 5 stars,"1,296",https://www.amazon.com/LG-29WN600-W-29-21-UltraWide/dp/B0876DBCBX/ref=sr_1_1?dchild=1&keywords=ultrawide+monitor&qid=1614962747&sr=8-1
"SAMSUNG LC49RG90SSNXZA 49-Inch CRG9 Curved Gaming Monitor, Black",,4.4 out of 5 stars,"2,315",https://www.amazon.com/Samsung-Double-49-Inch-Monitor-LC49RG90SSNXZA/dp/B07L9HCJ2V/ref=sr_1_2?dchild=1&keywords=ultrawide+monitor&qid=1614962747&sr=8-2
"Samsung 34-Inch SJ55W Ultrawide Gaming Monitor (LS34J550WQNXZA) – 75Hz Refresh, WQHD Computer Monitor, 3440 x 1440p Resolution, 4ms Response, FreeSync, Split Screen, HDMI, Black",,4.4 out of 5 stars,491,https://www.amazon.com/Samsung-S34J55W-34-Inch-Ultrawide-LS34J550WQNXZA/dp/B07FBS36W2/ref=sr_1_3?dchild=1&keywords=ultrawide+monitor&qid=1614962747&sr=8-3
"LG 34UM69G-B 34-Inch 21:9 UltraWide IPS Monitor with 1ms Motion Blur Reduction and FreeSync,Black",,4.6 out of 5 stars,"1,044",https://www.amazon.com/LG-34UM69G-B-34-Inch-UltraWide-Reduction/dp/B06XFXX5JH/ref=sr_1_4?dchild=1&keywords=ultrawide+monitor&qid=1614962747&sr=8-4
LG 34UM68-P 34-Inch 21:9 UltraWide IPS Monitor with FreeSync,,4.6 out of 5 stars,703,https://www.amazon.com/LG-34UM68-P-34-Inch-21-UltraWide/dp/B01BMES072/ref=sr_1_5?dchild=1&keywords=ultrawide+monitor&qid=1614962747&sr=8-5
"Samsung CF390 Series 27 inch FHD 1920x1080 Curved Desktop Monitor for Business, HDMI, VGA, VESA mountable, 3-Year Warranty, TAA (C27F390FHN), Black",,4.7 out of 5 stars,"2,483",https://www.amazon.com/Samsung-27-inch-Business-C27F390FHN-LED-Lit/dp/B01IPHVFUI/ref=sr_1_6?dchild=1&keywords=ultrawide+monitor&qid=1614962747&sr=8-6
"LG 38WN75C-B 38-Inch Class 21:9 Curved UltraWide QHD+ (3840 x 1600) IPS Display with HDR 10 and Tilt/Height Adjustable Stand, Black",,4.5 out of 5 stars,180,https://www.amazon.com/LG-38WN75C-B-38-Inch-Class-Adjustable/dp/B087YZG5YS/ref=sr_1_7?dchild=1&keywords=ultrawide+monitor&qid=1614962747&sr=8-7
"LG 34GL750-B 34 Inch 21: 9 Ultragear Curved Wfhd (2560 X 1080) IPS 144Hz G-SYNC Compatible Gaming Monitor,Black",,4.5 out of 5 stars,"1,257",https://www.amazon.com/LG-34GL750-B-inch-Ultragear-Compatible/dp/B07R5R9VR9/ref=sr_1_8?dchild=1&keywords=ultrawide+monitor&qid=1614962747&sr=8-8
"Samsung 49-Inch CHG90 144Hz Curved Gaming Monitor (LC49HG90DMNXZA) – Super Ultrawide Screen QLED Computer Monitor, 3840 x 1080p Resolution, 1ms Response, FreeSync 2 with HDR",,4.5 out of 5 stars,"1,308",https://www.amazon.com/Samsung-49-Inch-Curved-Monitor-LC49HG90DMNXZA/dp/B072C7TNC5/ref=sr_1_9?dchild=1&keywords=ultrawide+monitor&qid=1614962747&sr=8-9
"SAMSUNG LC34J791WTNXZA 34-Inch CJ791 Ultrawide Curved Gaming Monitor, White",,4.5 out of 5 stars,837,https://www.amazon.com/Samsung-CJ791-Thunderbolt-Curved-Monitor/dp/B07CS3JB5K/ref=sr_1_10?dchild=1&keywords=ultrawide+monitor&qid=1614962747&sr=8-10
LG 38UC99-W 38-Inch 21:9 Curved UltraWide QHD+ IPS Monitor with Bluetooth Speakers,,4.2 out of 5 stars,195,https://www.amazon.com/LG-38UC99-W-38-Inch-UltraWide-Bluetooth/dp/B01LW54S4U/ref=sr_1_11?dchild=1&keywords=ultrawide+monitor&qid=1614962747&sr=8-11
"LG 43UN700-B 43 Inch Class UHD (3840 X 2160) IPS Display with USB Type-C and HDR10 with 4 HDMI inputs, Black",,4.4 out of 5 stars,352,https://www.amazon.com/LG-43UN700-B-Display-Type-C-inputs/dp/B0821WWXV6/ref=sr_1_12?dchild=1&keywords=ultrawide+monitor&qid=1614962747&sr=8-12
LG Full HD IPS UltraWide Monitor,,4.4 out of 5 stars,"3,457",https://www.amazon.com/LG-25UM58-P-25-Inch-21-UltraWide/dp/B01BV1XB2K/ref=sr_1_13?dchild=1&keywords=ultrawide+monitor&qid=1614962747&sr=8-13
"Sceptre Curved 27"" 75Hz LED Monitor HDMI VGA Build-In Speakers, EDGE-LESS Metal Black 2019 (C275W-1920RN)",,4.7 out of 5 stars,"6,068",https://www.amazon.com/Sceptre-Monitor-Speakers-Edge-Less-C275W-1920RN/dp/B07MTRQ6B3/ref=sr_1_14?dchild=1&keywords=ultrawide+monitor&qid=1614962747&sr=8-14
"LG 34WN650-W 34-Inch 21:9 UltraWide Full HD (2560 x 1080) IPS Display with VESA DisplayHDR 400 and AMD FreeSync, Silver",,4.7 out of 5 stars,332,https://www.amazon.com/LG-34WN650-W-34-Inch-UltraWide-DisplayHDR/dp/B087JB656Q/ref=sr_1_15?dchild=1&keywords=ultrawide+monitor&qid=1614962747&sr=8-15
LG 38WK95C-W 38-Inch Class 21:9 Curved UltraWide WQHD+ Monitor with HDR 10 (2018),,4.4 out of 5 stars,285,https://www.amazon.com/LG-38WK95C-W-38-Inch-Class-UltraWide/dp/B079L4WR4T/ref=sr_1_16?dchild=1&keywords=ultrawide+monitor&qid=1614962747&sr=8-16
"LG 29WN600-W 29"" 21:9 UltraWide WFHD IPS HDR10 Monitor with FreeSync, Silver",,4.6 out of 5 stars,"1,296",https://www.amazon.com/LG-29WN600-W-29-21-UltraWide/dp/B0876DBCBX/ref=sr_1_1?dchild=1&keywords=ultrawide+monitor&qid=1614962753&sr=8-1
"SAMSUNG LC49RG90SSNXZA 49-Inch CRG9 Curved Gaming Monitor, Black",,4.4 out of 5 stars,"2,315",https://www.amazon.com/Samsung-Double-49-Inch-Monitor-LC49RG90SSNXZA/dp/B07L9HCJ2V/ref=sr_1_2?dchild=1&keywords=ultrawide+monitor&qid=1614962753&sr=8-2
"Samsung 34-Inch SJ55W Ultrawide Gaming Monitor (LS34J550WQNXZA) – 75Hz Refresh, WQHD Computer Monitor, 3440 x 1440p Resolution, 4ms Response, FreeSync, Split Screen, HDMI, Black",,4.4 out of 5 stars,491,https://www.amazon.com/Samsung-S34J55W-34-Inch-Ultrawide-LS34J550WQNXZA/dp/B07FBS36W2/ref=sr_1_3?dchild=1&keywords=ultrawide+monitor&qid=1614962753&sr=8-3
"LG 34UM69G-B 34-Inch 21:9 UltraWide IPS Monitor with 1ms Motion Blur Reduction and FreeSync,Black",,4.6 out of 5 stars,"1,044",https://www.amazon.com/LG-34UM69G-B-34-Inch-UltraWide-Reduction/dp/B06XFXX5JH/ref=sr_1_4?dchild=1&keywords=ultrawide+monitor&qid=1614962753&sr=8-4
LG 34UM68-P 34-Inch 21:9 UltraWide IPS Monitor with FreeSync,,4.6 out of 5 stars,703,https://www.amazon.com/LG-34UM68-P-34-Inch-21-UltraWide/dp/B01BMES072/ref=sr_1_5?dchild=1&keywords=ultrawide+monitor&qid=1614962753&sr=8-5
"Samsung CF390 Series 27 inch FHD 1920x1080 Curved Desktop Monitor for Business, HDMI, VGA, VESA mountable, 3-Year Warranty, TAA (C27F390FHN), Black",,4.7 out of 5 stars,"2,483",https://www.amazon.com/Samsung-27-inch-Business-C27F390FHN-LED-Lit/dp/B01IPHVFUI/ref=sr_1_6?dchild=1&keywords=ultrawide+monitor&qid=1614962753&sr=8-6
"LG 38WN75C-B 38-Inch Class 21:9 Curved UltraWide QHD+ (3840 x 1600) IPS Display with HDR 10 and Tilt/Height Adjustable Stand, Black",,4.5 out of 5 stars,180,https://www.amazon.com/LG-38WN75C-B-38-Inch-Class-Adjustable/dp/B087YZG5YS/ref=sr_1_7?dchild=1&keywords=ultrawide+monitor&qid=1614962753&sr=8-7
"LG 34GL750-B 34 Inch 21: 9 Ultragear Curved Wfhd (2560 X 1080) IPS 144Hz G-SYNC Compatible Gaming Monitor,Black",,4.5 out of 5 stars,"1,257",https://www.amazon.com/LG-34GL750-B-inch-Ultragear-Compatible/dp/B07R5R9VR9/ref=sr_1_8?dchild=1&keywords=ultrawide+monitor&qid=1614962753&sr=8-8
"Samsung 49-Inch CHG90 144Hz Curved Gaming Monitor (LC49HG90DMNXZA) – Super Ultrawide Screen QLED Computer Monitor, 3840 x 1080p Resolution, 1ms Response, FreeSync 2 with HDR",,4.5 out of 5 stars,"1,308",https://www.amazon.com/Samsung-49-Inch-Curved-Monitor-LC49HG90DMNXZA/dp/B072C7TNC5/ref=sr_1_9?dchild=1&keywords=ultrawide+monitor&qid=1614962753&sr=8-9
"SAMSUNG LC34J791WTNXZA 34-Inch CJ791 Ultrawide Curved Gaming Monitor, White",,4.5 out of 5 stars,837,https://www.amazon.com/Samsung-CJ791-Thunderbolt-Curved-Monitor/dp/B07CS3JB5K/ref=sr_1_10?dchild=1&keywords=ultrawide+monitor&qid=1614962753&sr=8-10
LG 38UC99-W 38-Inch 21:9 Curved UltraWide QHD+ IPS Monitor with Bluetooth Speakers,,4.2 out of 5 stars,195,https://www.amazon.com/LG-38UC99-W-38-Inch-UltraWide-Bluetooth/dp/B01LW54S4U/ref=sr_1_11?dchild=1&keywords=ultrawide+monitor&qid=1614962753&sr=8-11
"LG 43UN700-B 43 Inch Class UHD (3840 X 2160) IPS Display with USB Type-C and HDR10 with 4 HDMI inputs, Black",,4.4 out of 5 stars,352,https://www.amazon.com/LG-43UN700-B-Display-Type-C-inputs/dp/B0821WWXV6/ref=sr_1_12?dchild=1&keywords=ultrawide+monitor&qid=1614962753&sr=8-12
LG Full HD IPS UltraWide Monitor,,4.4 out of 5 stars,"3,457",https://www.amazon.com/LG-25UM58-P-25-Inch-21-UltraWide/dp/B01BV1XB2K/ref=sr_1_13?dchild=1&keywords=ultrawide+monitor&qid=1614962753&sr=8-13
"Sceptre Curved 27"" 75Hz LED Monitor HDMI VGA Build-In Speakers, EDGE-LESS Metal Black 2019 (C275W-1920RN)",,4.7 out of 5 stars,"6,068",https://www.amazon.com/Sceptre-Monitor-Speakers-Edge-Less-C275W-1920RN/dp/B07MTRQ6B3/ref=sr_1_14?dchild=1&keywords=ultrawide+monitor&qid=1614962753&sr=8-14
"LG 34WN650-W 34-Inch 21:9 UltraWide Full HD (2560 x 1080) IPS Display with VESA DisplayHDR 400 and AMD FreeSync, Silver",,4.7 out of 5 stars,332,https://www.amazon.com/LG-34WN650-W-34-Inch-UltraWide-DisplayHDR/dp/B087JB656Q/ref=sr_1_15?dchild=1&keywords=ultrawide+monitor&qid=1614962753&sr=8-15
LG 38WK95C-W 38-Inch Class 21:9 Curved UltraWide WQHD+ Monitor with HDR 10 (2018),,4.4 out of 5 stars,285,https://www.amazon.com/LG-38WK95C-W-38-Inch-Class-UltraWide/dp/B079L4WR4T/ref=sr_1_16?dchild=1&keywords=ultrawide+monitor&qid=1614962753&sr=8-16
"LG 29WN600-W 29"" 21:9 UltraWide WFHD IPS HDR10 Monitor with FreeSync, Silver",,4.6 out of 5 stars,"1,296",https://www.amazon.com/LG-29WN600-W-29-21-UltraWide/dp/B0876DBCBX/ref=sr_1_1?dchild=1&keywords=ultrawide+monitor&qid=1614962758&sr=8-1
"SAMSUNG LC49RG90SSNXZA 49-Inch CRG9 Curved Gaming Monitor, Black",,4.4 out of 5 stars,"2,315",https://www.amazon.com/Samsung-Double-49-Inch-Monitor-LC49RG90SSNXZA/dp/B07L9HCJ2V/ref=sr_1_2?dchild=1&keywords=ultrawide+monitor&qid=1614962758&sr=8-2
"Samsung 34-Inch SJ55W Ultrawide Gaming Monitor (LS34J550WQNXZA) – 75Hz Refresh, WQHD Computer Monitor, 3440 x 1440p Resolution, 4ms Response, FreeSync, Split Screen, HDMI, Black",,4.4 out of 5 stars,491,https://www.amazon.com/Samsung-S34J55W-34-Inch-Ultrawide-LS34J550WQNXZA/dp/B07FBS36W2/ref=sr_1_3?dchild=1&keywords=ultrawide+monitor&qid=1614962758&sr=8-3
"LG 34UM69G-B 34-Inch 21:9 UltraWide IPS Monitor with 1ms Motion Blur Reduction and FreeSync,Black",,4.6 out of 5 stars,"1,044",https://www.amazon.com/LG-34UM69G-B-34-Inch-UltraWide-Reduction/dp/B06XFXX5JH/ref=sr_1_4?dchild=1&keywords=ultrawide+monitor&qid=1614962758&sr=8-4
LG 34UM68-P 34-Inch 21:9 UltraWide IPS Monitor with FreeSync,,4.6 out of 5 stars,703,https://www.amazon.com/LG-34UM68-P-34-Inch-21-UltraWide/dp/B01BMES072/ref=sr_1_5?dchild=1&keywords=ultrawide+monitor&qid=1614962758&sr=8-5
"Samsung CF390 Series 27 inch FHD 1920x1080 Curved Desktop Monitor for Business, HDMI, VGA, VESA mountable, 3-Year Warranty, TAA (C27F390FHN), Black",,4.7 out of 5 stars,"2,483",https://www.amazon.com/Samsung-27-inch-Business-C27F390FHN-LED-Lit/dp/B01IPHVFUI/ref=sr_1_6?dchild=1&keywords=ultrawide+monitor&qid=1614962758&sr=8-6
"LG 38WN75C-B 38-Inch Class 21:9 Curved UltraWide QHD+ (3840 x 1600) IPS Display with HDR 10 and Tilt/Height Adjustable Stand, Black",,4.5 out of 5 stars,180,https://www.amazon.com/LG-38WN75C-B-38-Inch-Class-Adjustable/dp/B087YZG5YS/ref=sr_1_7?dchild=1&keywords=ultrawide+monitor&qid=1614962758&sr=8-7
"LG 34GL750-B 34 Inch 21: 9 Ultragear Curved Wfhd (2560 X 1080) IPS 144Hz G-SYNC Compatible Gaming Monitor,Black",,4.5 out of 5 stars,"1,257",https://www.amazon.com/LG-34GL750-B-inch-Ultragear-Compatible/dp/B07R5R9VR9/ref=sr_1_8?dchild=1&keywords=ultrawide+monitor&qid=1614962758&sr=8-8
"Samsung 49-Inch CHG90 144Hz Curved Gaming Monitor (LC49HG90DMNXZA) – Super Ultrawide Screen QLED Computer Monitor, 3840 x 1080p Resolution, 1ms Response, FreeSync 2 with HDR",,4.5 out of 5 stars,"1,308",https://www.amazon.com/Samsung-49-Inch-Curved-Monitor-LC49HG90DMNXZA/dp/B072C7TNC5/ref=sr_1_9?dchild=1&keywords=ultrawide+monitor&qid=1614962758&sr=8-9
"SAMSUNG LC34J791WTNXZA 34-Inch CJ791 Ultrawide Curved Gaming Monitor, White",,4.5 out of 5 stars,837,https://www.amazon.com/Samsung-CJ791-Thunderbolt-Curved-Monitor/dp/B07CS3JB5K/ref=sr_1_10?dchild=1&keywords=ultrawide+monitor&qid=1614962758&sr=8-10
LG 38UC99-W 38-Inch 21:9 Curved UltraWide QHD+ IPS Monitor with Bluetooth Speakers,,4.2 out of 5 stars,195,https://www.amazon.com/LG-38UC99-W-38-Inch-UltraWide-Bluetooth/dp/B01LW54S4U/ref=sr_1_11?dchild=1&keywords=ultrawide+monitor&qid=1614962758&sr=8-11
"LG 43UN700-B 43 Inch Class UHD (3840 X 2160) IPS Display with USB Type-C and HDR10 with 4 HDMI inputs, Black",,4.4 out of 5 stars,352,https://www.amazon.com/LG-43UN700-B-Display-Type-C-inputs/dp/B0821WWXV6/ref=sr_1_12?dchild=1&keywords=ultrawide+monitor&qid=1614962758&sr=8-12
LG Full HD IPS UltraWide Monitor,,4.4 out of 5 stars,"3,457",https://www.amazon.com/LG-25UM58-P-25-Inch-21-UltraWide/dp/B01BV1XB2K/ref=sr_1_13?dchild=1&keywords=ultrawide+monitor&qid=1614962758&sr=8-13
"Sceptre Curved 27"" 75Hz LED Monitor HDMI VGA Build-In Speakers, EDGE-LESS Metal Black 2019 (C275W-1920RN)",,4.7 out of 5 stars,"6,068",https://www.amazon.com/Sceptre-Monitor-Speakers-Edge-Less-C275W-1920RN/dp/B07MTRQ6B3/ref=sr_1_14?dchild=1&keywords=ultrawide+monitor&qid=1614962758&sr=8-14
"LG 34WN650-W 34-Inch 21:9 UltraWide Full HD (2560 x 1080) IPS Display with VESA DisplayHDR 400 and AMD FreeSync, Silver",,4.7 out of 5 stars,332,https://www.amazon.com/LG-34WN650-W-34-Inch-UltraWide-DisplayHDR/dp/B087JB656Q/ref=sr_1_15?dchild=1&keywords=ultrawide+monitor&qid=1614962758&sr=8-15
LG 38WK95C-W 38-Inch Class 21:9 Curved UltraWide WQHD+ Monitor with HDR 10 (2018),,4.4 out of 5 stars,285,https://www.amazon.com/LG-38WK95C-W-38-Inch-Class-UltraWide/dp/B079L4WR4T/ref=sr_1_16?dchild=1&keywords=ultrawide+monitor&qid=1614962758&sr=8-16
"LG 29WN600-W 29"" 21:9 UltraWide WFHD IPS HDR10 Monitor with FreeSync, Silver",,4.6 out of 5 stars,"1,296",https://www.amazon.com/LG-29WN600-W-29-21-UltraWide/dp/B0876DBCBX/ref=sr_1_1?dchild=1&keywords=ultrawide+monitor&qid=1614962762&sr=8-1
"SAMSUNG LC49RG90SSNXZA 49-Inch CRG9 Curved Gaming Monitor, Black",,4.4 out of 5 stars,"2,315",https://www.amazon.com/Samsung-Double-49-Inch-Monitor-LC49RG90SSNXZA/dp/B07L9HCJ2V/ref=sr_1_2?dchild=1&keywords=ultrawide+monitor&qid=1614962762&sr=8-2
"Samsung 34-Inch SJ55W Ultrawide Gaming Monitor (LS34J550WQNXZA) – 75Hz Refresh, WQHD Computer Monitor, 3440 x 1440p Resolution, 4ms Response, FreeSync, Split Screen, HDMI, Black",,4.4 out of 5 stars,491,https://www.amazon.com/Samsung-S34J55W-34-Inch-Ultrawide-LS34J550WQNXZA/dp/B07FBS36W2/ref=sr_1_3?dchild=1&keywords=ultrawide+monitor&qid=1614962762&sr=8-3
"LG 34UM69G-B 34-Inch 21:9 UltraWide IPS Monitor with 1ms Motion Blur Reduction and FreeSync,Black",,4.6 out of 5 stars,"1,044",https://www.amazon.com/LG-34UM69G-B-34-Inch-UltraWide-Reduction/dp/B06XFXX5JH/ref=sr_1_4?dchild=1&keywords=ultrawide+monitor&qid=1614962762&sr=8-4
LG 34UM68-P 34-Inch 21:9 UltraWide IPS Monitor with FreeSync,,4.6 out of 5 stars,703,https://www.amazon.com/LG-34UM68-P-34-Inch-21-UltraWide/dp/B01BMES072/ref=sr_1_5?dchild=1&keywords=ultrawide+monitor&qid=1614962762&sr=8-5
"Samsung CF390 Series 27 inch FHD 1920x1080 Curved Desktop Monitor for Business, HDMI, VGA, VESA mountable, 3-Year Warranty, TAA (C27F390FHN), Black",,4.7 out of 5 stars,"2,483",https://www.amazon.com/Samsung-27-inch-Business-C27F390FHN-LED-Lit/dp/B01IPHVFUI/ref=sr_1_6?dchild=1&keywords=ultrawide+monitor&qid=1614962762&sr=8-6
"LG 38WN75C-B 38-Inch Class 21:9 Curved UltraWide QHD+ (3840 x 1600) IPS Display with HDR 10 and Tilt/Height Adjustable Stand, Black",,4.5 out of 5 stars,180,https://www.amazon.com/LG-38WN75C-B-38-Inch-Class-Adjustable/dp/B087YZG5YS/ref=sr_1_7?dchild=1&keywords=ultrawide+monitor&qid=1614962762&sr=8-7
"LG 34GL750-B 34 Inch 21: 9 Ultragear Curved Wfhd (2560 X 1080) IPS 144Hz G-SYNC Compatible Gaming Monitor,Black",,4.5 out of 5 stars,"1,257",https://www.amazon.com/LG-34GL750-B-inch-Ultragear-Compatible/dp/B07R5R9VR9/ref=sr_1_8?dchild=1&keywords=ultrawide+monitor&qid=1614962762&sr=8-8
"Samsung 49-Inch CHG90 144Hz Curved Gaming Monitor (LC49HG90DMNXZA) – Super Ultrawide Screen QLED Computer Monitor, 3840 x 1080p Resolution, 1ms Response, FreeSync 2 with HDR",,4.5 out of 5 stars,"1,308",https://www.amazon.com/Samsung-49-Inch-Curved-Monitor-LC49HG90DMNXZA/dp/B072C7TNC5/ref=sr_1_9?dchild=1&keywords=ultrawide+monitor&qid=1614962762&sr=8-9
"SAMSUNG LC34J791WTNXZA 34-Inch CJ791 Ultrawide Curved Gaming Monitor, White",,4.5 out of 5 stars,837,https://www.amazon.com/Samsung-CJ791-Thunderbolt-Curved-Monitor/dp/B07CS3JB5K/ref=sr_1_10?dchild=1&keywords=ultrawide+monitor&qid=1614962762&sr=8-10
LG 38UC99-W 38-Inch 21:9 Curved UltraWide QHD+ IPS Monitor with Bluetooth Speakers,,4.2 out of 5 stars,195,https://www.amazon.com/LG-38UC99-W-38-Inch-UltraWide-Bluetooth/dp/B01LW54S4U/ref=sr_1_11?dchild=1&keywords=ultrawide+monitor&qid=1614962762&sr=8-11
"LG 43UN700-B 43 Inch Class UHD (3840 X 2160) IPS Display with USB Type-C and HDR10 with 4 HDMI inputs, Black",,4.4 out of 5 stars,352,https://www.amazon.com/LG-43UN700-B-Display-Type-C-inputs/dp/B0821WWXV6/ref=sr_1_12?dchild=1&keywords=ultrawide+monitor&qid=1614962762&sr=8-12
LG Full HD IPS UltraWide Monitor,,4.4 out of 5 stars,"3,457",https://www.amazon.com/LG-25UM58-P-25-Inch-21-UltraWide/dp/B01BV1XB2K/ref=sr_1_13?dchild=1&keywords=ultrawide+monitor&qid=1614962762&sr=8-13
"Sceptre Curved 27"" 75Hz LED Monitor HDMI VGA Build-In Speakers, EDGE-LESS Metal Black 2019 (C275W-1920RN)",,4.7 out of 5 stars,"6,068",https://www.amazon.com/Sceptre-Monitor-Speakers-Edge-Less-C275W-1920RN/dp/B07MTRQ6B3/ref=sr_1_14?dchild=1&keywords=ultrawide+monitor&qid=1614962762&sr=8-14
"LG 34WN650-W 34-Inch 21:9 UltraWide Full HD (2560 x 1080) IPS Display with VESA DisplayHDR 400 and AMD FreeSync, Silver",,4.7 out of 5 stars,332,https://www.amazon.com/LG-34WN650-W-34-Inch-UltraWide-DisplayHDR/dp/B087JB656Q/ref=sr_1_15?dchild=1&keywords=ultrawide+monitor&qid=1614962762&sr=8-15
LG 38WK95C-W 38-Inch Class 21:9 Curved UltraWide WQHD+ Monitor with HDR 10 (2018),,4.4 out of 5 stars,285,https://www.amazon.com/LG-38WK95C-W-38-Inch-Class-UltraWide/dp/B079L4WR4T/ref=sr_1_16?dchild=1&keywords=ultrawide+monitor&qid=1614962762&sr=8-16
"LG 29WN600-W 29"" 21:9 UltraWide WFHD IPS HDR10 Monitor with FreeSync, Silver",,4.6 out of 5 stars,"1,296",https://www.amazon.com/LG-29WN600-W-29-21-UltraWide/dp/B0876DBCBX/ref=sr_1_1?dchild=1&keywords=ultrawide+monitor&qid=1614962777&sr=8-1
"SAMSUNG LC49RG90SSNXZA 49-Inch CRG9 Curved Gaming Monitor, Black",,4.4 out of 5 stars,"2,315",https://www.amazon.com/Samsung-Double-49-Inch-Monitor-LC49RG90SSNXZA/dp/B07L9HCJ2V/ref=sr_1_2?dchild=1&keywords=ultrawide+monitor&qid=1614962777&sr=8-2
"Samsung 34-Inch SJ55W Ultrawide Gaming Monitor (LS34J550WQNXZA) – 75Hz Refresh, WQHD Computer Monitor, 3440 x 1440p Resolution, 4ms Response, FreeSync, Split Screen, HDMI, Black",,4.4 out of 5 stars,491,https://www.amazon.com/Samsung-S34J55W-34-Inch-Ultrawide-LS34J550WQNXZA/dp/B07FBS36W2/ref=sr_1_3?dchild=1&keywords=ultrawide+monitor&qid=1614962777&sr=8-3
"LG 34UM69G-B 34-Inch 21:9 UltraWide IPS Monitor with 1ms Motion Blur Reduction and FreeSync,Black",,4.6 out of 5 stars,"1,044",https://www.amazon.com/LG-34UM69G-B-34-Inch-UltraWide-Reduction/dp/B06XFXX5JH/ref=sr_1_4?dchild=1&keywords=ultrawide+monitor&qid=1614962777&sr=8-4
LG 34UM68-P 34-Inch 21:9 UltraWide IPS Monitor with FreeSync,,4.6 out of 5 stars,703,https://www.amazon.com/LG-34UM68-P-34-Inch-21-UltraWide/dp/B01BMES072/ref=sr_1_5?dchild=1&keywords=ultrawide+monitor&qid=1614962777&sr=8-5
"Samsung CF390 Series 27 inch FHD 1920x1080 Curved Desktop Monitor for Business, HDMI, VGA, VESA mountable, 3-Year Warranty, TAA (C27F390FHN), Black",,4.7 out of 5 stars,"2,483",https://www.amazon.com/Samsung-27-inch-Business-C27F390FHN-LED-Lit/dp/B01IPHVFUI/ref=sr_1_6?dchild=1&keywords=ultrawide+monitor&qid=1614962777&sr=8-6
"LG 38WN75C-B 38-Inch Class 21:9 Curved UltraWide QHD+ (3840 x 1600) IPS Display with HDR 10 and Tilt/Height Adjustable Stand, Black",,4.5 out of 5 stars,180,https://www.amazon.com/LG-38WN75C-B-38-Inch-Class-Adjustable/dp/B087YZG5YS/ref=sr_1_7?dchild=1&keywords=ultrawide+monitor&qid=1614962777&sr=8-7
"LG 34GL750-B 34 Inch 21: 9 Ultragear Curved Wfhd (2560 X 1080) IPS 144Hz G-SYNC Compatible Gaming Monitor,Black",,4.5 out of 5 stars,"1,257",https://www.amazon.com/LG-34GL750-B-inch-Ultragear-Compatible/dp/B07R5R9VR9/ref=sr_1_8?dchild=1&keywords=ultrawide+monitor&qid=1614962777&sr=8-8
"Samsung 49-Inch CHG90 144Hz Curved Gaming Monitor (LC49HG90DMNXZA) – Super Ultrawide Screen QLED Computer Monitor, 3840 x 1080p Resolution, 1ms Response, FreeSync 2 with HDR",,4.5 out of 5 stars,"1,308",https://www.amazon.com/Samsung-49-Inch-Curved-Monitor-LC49HG90DMNXZA/dp/B072C7TNC5/ref=sr_1_9?dchild=1&keywords=ultrawide+monitor&qid=1614962777&sr=8-9
"SAMSUNG LC34J791WTNXZA 34-Inch CJ791 Ultrawide Curved Gaming Monitor, White",,4.5 out of 5 stars,837,https://www.amazon.com/Samsung-CJ791-Thunderbolt-Curved-Monitor/dp/B07CS3JB5K/ref=sr_1_10?dchild=1&keywords=ultrawide+monitor&qid=1614962777&sr=8-10
LG 38UC99-W 38-Inch 21:9 Curved UltraWide QHD+ IPS Monitor with Bluetooth Speakers,,4.2 out of 5 stars,195,https://www.amazon.com/LG-38UC99-W-38-Inch-UltraWide-Bluetooth/dp/B01LW54S4U/ref=sr_1_11?dchild=1&keywords=ultrawide+monitor&qid=1614962777&sr=8-11
"LG 43UN700-B 43 Inch Class UHD (3840 X 2160) IPS Display with USB Type-C and HDR10 with 4 HDMI inputs, Black",,4.4 out of 5 stars,352,https://www.amazon.com/LG-43UN700-B-Display-Type-C-inputs/dp/B0821WWXV6/ref=sr_1_12?dchild=1&keywords=ultrawide+monitor&qid=1614962777&sr=8-12
LG Full HD IPS UltraWide Monitor,,4.4 out of 5 stars,"3,457",https://www.amazon.com/LG-25UM58-P-25-Inch-21-UltraWide/dp/B01BV1XB2K/ref=sr_1_13?dchild=1&keywords=ultrawide+monitor&qid=1614962777&sr=8-13
"Sceptre Curved 27"" 75Hz LED Monitor HDMI VGA Build-In Speakers, EDGE-LESS Metal Black 2019 (C275W-1920RN)",,4.7 out of 5 stars,"6,068",https://www.amazon.com/Sceptre-Monitor-Speakers-Edge-Less-C275W-1920RN/dp/B07MTRQ6B3/ref=sr_1_14?dchild=1&keywords=ultrawide+monitor&qid=1614962777&sr=8-14
"LG 34WN650-W 34-Inch 21:9 UltraWide Full HD (2560 x 1080) IPS Display with VESA DisplayHDR 400 and AMD FreeSync, Silver",,4.7 out of 5 stars,332,https://www.amazon.com/LG-34WN650-W-34-Inch-UltraWide-DisplayHDR/dp/B087JB656Q/ref=sr_1_15?dchild=1&keywords=ultrawide+monitor&qid=1614962777&sr=8-15
LG 38WK95C-W 38-Inch Class 21:9 Curved UltraWide WQHD+ Monitor with HDR 10 (2018),,4.4 out of 5 stars,285,https://www.amazon.com/LG-38WK95C-W-38-Inch-Class-UltraWide/dp/B079L4WR4T/ref=sr_1_16?dchild=1&keywords=ultrawide+monitor&qid=1614962777&sr=8-16
"LG 29WN600-W 29"" 21:9 UltraWide WFHD IPS HDR10 Monitor with FreeSync, Silver",,4.6 out of 5 stars,"1,296",https://www.amazon.com/LG-29WN600-W-29-21-UltraWide/dp/B0876DBCBX/ref=sr_1_1?dchild=1&keywords=ultrawide+monitor&qid=1614962782&sr=8-1
"SAMSUNG LC49RG90SSNXZA 49-Inch CRG9 Curved Gaming Monitor, Black",,4.4 out of 5 stars,"2,315",https://www.amazon.com/Samsung-Double-49-Inch-Monitor-LC49RG90SSNXZA/dp/B07L9HCJ2V/ref=sr_1_2?dchild=1&keywords=ultrawide+monitor&qid=1614962782&sr=8-2
"Samsung 34-Inch SJ55W Ultrawide Gaming Monitor (LS34J550WQNXZA) – 75Hz Refresh, WQHD Computer Monitor, 3440 x 1440p Resolution, 4ms Response, FreeSync, Split Screen, HDMI, Black",,4.4 out of 5 stars,491,https://www.amazon.com/Samsung-S34J55W-34-Inch-Ultrawide-LS34J550WQNXZA/dp/B07FBS36W2/ref=sr_1_3?dchild=1&keywords=ultrawide+monitor&qid=1614962782&sr=8-3
"LG 34UM69G-B 34-Inch 21:9 UltraWide IPS Monitor with 1ms Motion Blur Reduction and FreeSync,Black",,4.6 out of 5 stars,"1,044",https://www.amazon.com/LG-34UM69G-B-34-Inch-UltraWide-Reduction/dp/B06XFXX5JH/ref=sr_1_4?dchild=1&keywords=ultrawide+monitor&qid=1614962782&sr=8-4
LG 34UM68-P 34-Inch 21:9 UltraWide IPS Monitor with FreeSync,,4.6 out of 5 stars,703,https://www.amazon.com/LG-34UM68-P-34-Inch-21-UltraWide/dp/B01BMES072/ref=sr_1_5?dchild=1&keywords=ultrawide+monitor&qid=1614962782&sr=8-5
"Samsung CF390 Series 27 inch FHD 1920x1080 Curved Desktop Monitor for Business, HDMI, VGA, VESA mountable, 3-Year Warranty, TAA (C27F390FHN), Black",,4.7 out of 5 stars,"2,483",https://www.amazon.com/Samsung-27-inch-Business-C27F390FHN-LED-Lit/dp/B01IPHVFUI/ref=sr_1_6?dchild=1&keywords=ultrawide+monitor&qid=1614962782&sr=8-6
"LG 38WN75C-B 38-Inch Class 21:9 Curved UltraWide QHD+ (3840 x 1600) IPS Display with HDR 10 and Tilt/Height Adjustable Stand, Black",,4.5 out of 5 stars,180,https://www.amazon.com/LG-38WN75C-B-38-Inch-Class-Adjustable/dp/B087YZG5YS/ref=sr_1_7?dchild=1&keywords=ultrawide+monitor&qid=1614962782&sr=8-7
"LG 34GL750-B 34 Inch 21: 9 Ultragear Curved Wfhd (2560 X 1080) IPS 144Hz G-SYNC Compatible Gaming Monitor,Black",,4.5 out of 5 stars,"1,257",https://www.amazon.com/LG-34GL750-B-inch-Ultragear-Compatible/dp/B07R5R9VR9/ref=sr_1_8?dchild=1&keywords=ultrawide+monitor&qid=1614962782&sr=8-8
"Samsung 49-Inch CHG90 144Hz Curved Gaming Monitor (LC49HG90DMNXZA) – Super Ultrawide Screen QLED Computer Monitor, 3840 x 1080p Resolution, 1ms Response, FreeSync 2 with HDR",,4.5 out of 5 stars,"1,308",https://www.amazon.com/Samsung-49-Inch-Curved-Monitor-LC49HG90DMNXZA/dp/B072C7TNC5/ref=sr_1_9?dchild=1&keywords=ultrawide+monitor&qid=1614962782&sr=8-9
"SAMSUNG LC34J791WTNXZA 34-Inch CJ791 Ultrawide Curved Gaming Monitor, White",,4.5 out of 5 stars,837,https://www.amazon.com/Samsung-CJ791-Thunderbolt-Curved-Monitor/dp/B07CS3JB5K/ref=sr_1_10?dchild=1&keywords=ultrawide+monitor&qid=1614962782&sr=8-10
LG 38UC99-W 38-Inch 21:9 Curved UltraWide QHD+ IPS Monitor with Bluetooth Speakers,,4.2 out of 5 stars,195,https://www.amazon.com/LG-38UC99-W-38-Inch-UltraWide-Bluetooth/dp/B01LW54S4U/ref=sr_1_11?dchild=1&keywords=ultrawide+monitor&qid=1614962782&sr=8-11
"LG 43UN700-B 43 Inch Class UHD (3840 X 2160) IPS Display with USB Type-C and HDR10 with 4 HDMI inputs, Black",,4.4 out of 5 stars,352,https://www.amazon.com/LG-43UN700-B-Display-Type-C-inputs/dp/B0821WWXV6/ref=sr_1_12?dchild=1&keywords=ultrawide+monitor&qid=1614962782&sr=8-12
LG Full HD IPS UltraWide Monitor,,4.4 out of 5 stars,"3,457",https://www.amazon.com/LG-25UM58-P-25-Inch-21-UltraWide/dp/B01BV1XB2K/ref=sr_1_13?dchild=1&keywords=ultrawide+monitor&qid=1614962782&sr=8-13
"Sceptre Curved 27"" 75Hz LED Monitor HDMI VGA Build-In Speakers, EDGE-LESS Metal Black 2019 (C275W-1920RN)",,4.7 out of 5 stars,"6,068",https://www.amazon.com/Sceptre-Monitor-Speakers-Edge-Less-C275W-1920RN/dp/B07MTRQ6B3/ref=sr_1_14?dchild=1&keywords=ultrawide+monitor&qid=1614962782&sr=8-14
"LG 34WN650-W 34-Inch 21:9 UltraWide Full HD (2560 x 1080) IPS Display with VESA DisplayHDR 400 and AMD FreeSync, Silver",,4.7 out of 5 stars,332,https://www.amazon.com/LG-34WN650-W-34-Inch-UltraWide-DisplayHDR/dp/B087JB656Q/ref=sr_1_15?dchild=1&keywords=ultrawide+monitor&qid=1614962782&sr=8-15
LG 38WK95C-W 38-Inch Class 21:9 Curved UltraWide WQHD+ Monitor with HDR 10 (2018),,4.4 out of 5 stars,285,https://www.amazon.com/LG-38WK95C-W-38-Inch-Class-UltraWide/dp/B079L4WR4T/ref=sr_1_16?dchild=1&keywords=ultrawide+monitor&qid=1614962782&sr=8-16
"LG 29WN600-W 29"" 21:9 UltraWide WFHD IPS HDR10 Monitor with FreeSync, Silver",,4.6 out of 5 stars,"1,296",https://www.amazon.com/LG-29WN600-W-29-21-UltraWide/dp/B0876DBCBX/ref=sr_1_1?dchild=1&keywords=ultrawide+monitor&qid=1614962793&sr=8-1
"SAMSUNG LC49RG90SSNXZA 49-Inch CRG9 Curved Gaming Monitor, Black",,4.4 out of 5 stars,"2,315",https://www.amazon.com/Samsung-Double-49-Inch-Monitor-LC49RG90SSNXZA/dp/B07L9HCJ2V/ref=sr_1_2?dchild=1&keywords=ultrawide+monitor&qid=1614962793&sr=8-2
"Samsung 34-Inch SJ55W Ultrawide Gaming Monitor (LS34J550WQNXZA) – 75Hz Refresh, WQHD Computer Monitor, 3440 x 1440p Resolution, 4ms Response, FreeSync, Split Screen, HDMI, Black",,4.4 out of 5 stars,491,https://www.amazon.com/Samsung-S34J55W-34-Inch-Ultrawide-LS34J550WQNXZA/dp/B07FBS36W2/ref=sr_1_3?dchild=1&keywords=ultrawide+monitor&qid=1614962793&sr=8-3
"LG 34UM69G-B 34-Inch 21:9 UltraWide IPS Monitor with 1ms Motion Blur Reduction and FreeSync,Black",,4.6 out of 5 stars,"1,044",https://www.amazon.com/LG-34UM69G-B-34-Inch-UltraWide-Reduction/dp/B06XFXX5JH/ref=sr_1_4?dchild=1&keywords=ultrawide+monitor&qid=1614962793&sr=8-4
LG 34UM68-P 34-Inch 21:9 UltraWide IPS Monitor with FreeSync,,4.6 out of 5 stars,703,https://www.amazon.com/LG-34UM68-P-34-Inch-21-UltraWide/dp/B01BMES072/ref=sr_1_5?dchild=1&keywords=ultrawide+monitor&qid=1614962793&sr=8-5
"Samsung CF390 Series 27 inch FHD 1920x1080 Curved Desktop Monitor for Business, HDMI, VGA, VESA mountable, 3-Year Warranty, TAA (C27F390FHN), Black",,4.7 out of 5 stars,"2,483",https://www.amazon.com/Samsung-27-inch-Business-C27F390FHN-LED-Lit/dp/B01IPHVFUI/ref=sr_1_6?dchild=1&keywords=ultrawide+monitor&qid=1614962793&sr=8-6
"LG 38WN75C-B 38-Inch Class 21:9 Curved UltraWide QHD+ (3840 x 1600) IPS Display with HDR 10 and Tilt/Height Adjustable Stand, Black",,4.5 out of 5 stars,180,https://www.amazon.com/LG-38WN75C-B-38-Inch-Class-Adjustable/dp/B087YZG5YS/ref=sr_1_7?dchild=1&keywords=ultrawide+monitor&qid=1614962793&sr=8-7
"LG 34GL750-B 34 Inch 21: 9 Ultragear Curved Wfhd (2560 X 1080) IPS 144Hz G-SYNC Compatible Gaming Monitor,Black",,4.5 out of 5 stars,"1,257",https://www.amazon.com/LG-34GL750-B-inch-Ultragear-Compatible/dp/B07R5R9VR9/ref=sr_1_8?dchild=1&keywords=ultrawide+monitor&qid=1614962793&sr=8-8
"Samsung 49-Inch CHG90 144Hz Curved Gaming Monitor (LC49HG90DMNXZA) – Super Ultrawide Screen QLED Computer Monitor, 3840 x 1080p Resolution, 1ms Response, FreeSync 2 with HDR",,4.5 out of 5 stars,"1,308",https://www.amazon.com/Samsung-49-Inch-Curved-Monitor-LC49HG90DMNXZA/dp/B072C7TNC5/ref=sr_1_9?dchild=1&keywords=ultrawide+monitor&qid=1614962793&sr=8-9
"SAMSUNG LC34J791WTNXZA 34-Inch CJ791 Ultrawide Curved Gaming Monitor, White",,4.5 out of 5 stars,837,https://www.amazon.com/Samsung-CJ791-Thunderbolt-Curved-Monitor/dp/B07CS3JB5K/ref=sr_1_10?dchild=1&keywords=ultrawide+monitor&qid=1614962793&sr=8-10
LG 38UC99-W 38-Inch 21:9 Curved UltraWide QHD+ IPS Monitor with Bluetooth Speakers,,4.2 out of 5 stars,195,https://www.amazon.com/LG-38UC99-W-38-Inch-UltraWide-Bluetooth/dp/B01LW54S4U/ref=sr_1_11?dchild=1&keywords=ultrawide+monitor&qid=1614962793&sr=8-11
"LG 43UN700-B 43 Inch Class UHD (3840 X 2160) IPS Display with USB Type-C and HDR10 with 4 HDMI inputs, Black",,4.4 out of 5 stars,352,https://www.amazon.com/LG-43UN700-B-Display-Type-C-inputs/dp/B0821WWXV6/ref=sr_1_12?dchild=1&keywords=ultrawide+monitor&qid=1614962793&sr=8-12
LG Full HD IPS UltraWide Monitor,,4.4 out of 5 stars,"3,457",https://www.amazon.com/LG-25UM58-P-25-Inch-21-UltraWide/dp/B01BV1XB2K/ref=sr_1_13?dchild=1&keywords=ultrawide+monitor&qid=1614962793&sr=8-13
"Sceptre Curved 27"" 75Hz LED Monitor HDMI VGA Build-In Speakers, EDGE-LESS Metal Black 2019 (C275W-1920RN)",,4.7 out of 5 stars,"6,068",https://www.amazon.com/Sceptre-Monitor-Speakers-Edge-Less-C275W-1920RN/dp/B07MTRQ6B3/ref=sr_1_14?dchild=1&keywords=ultrawide+monitor&qid=1614962793&sr=8-14
"LG 34WN650-W 34-Inch 21:9 UltraWide Full HD (2560 x 1080) IPS Display with VESA DisplayHDR 400 and AMD FreeSync, Silver",,4.7 out of 5 stars,332,https://www.amazon.com/LG-34WN650-W-34-Inch-UltraWide-DisplayHDR/dp/B087JB656Q/ref=sr_1_15?dchild=1&keywords=ultrawide+monitor&qid=1614962793&sr=8-15
LG 38WK95C-W 38-Inch Class 21:9 Curved UltraWide WQHD+ Monitor with HDR 10 (2018),,4.4 out of 5 stars,285,https://www.amazon.com/LG-38WK95C-W-38-Inch-Class-UltraWide/dp/B079L4WR4T/ref=sr_1_16?dchild=1&keywords=ultrawide+monitor&qid=1614962793&sr=8-16
"LG 29WN600-W 29"" 21:9 UltraWide WFHD IPS HDR10 Monitor with FreeSync, Silver",,4.6 out of 5 stars,"1,296",https://www.amazon.com/LG-29WN600-W-29-21-UltraWide/dp/B0876DBCBX/ref=sr_1_1?dchild=1&keywords=ultrawide+monitor&qid=1614962798&sr=8-1
"SAMSUNG LC49RG90SSNXZA 49-Inch CRG9 Curved Gaming Monitor, Black",,4.4 out of 5 stars,"2,315",https://www.amazon.com/Samsung-Double-49-Inch-Monitor-LC49RG90SSNXZA/dp/B07L9HCJ2V/ref=sr_1_2?dchild=1&keywords=ultrawide+monitor&qid=1614962798&sr=8-2
"Samsung 34-Inch SJ55W Ultrawide Gaming Monitor (LS34J550WQNXZA) – 75Hz Refresh, WQHD Computer Monitor, 3440 x 1440p Resolution, 4ms Response, FreeSync, Split Screen, HDMI, Black",,4.4 out of 5 stars,491,https://www.amazon.com/Samsung-S34J55W-34-Inch-Ultrawide-LS34J550WQNXZA/dp/B07FBS36W2/ref=sr_1_3?dchild=1&keywords=ultrawide+monitor&qid=1614962798&sr=8-3
"LG 34UM69G-B 34-Inch 21:9 UltraWide IPS Monitor with 1ms Motion Blur Reduction and FreeSync,Black",,4.6 out of 5 stars,"1,044",https://www.amazon.com/LG-34UM69G-B-34-Inch-UltraWide-Reduction/dp/B06XFXX5JH/ref=sr_1_4?dchild=1&keywords=ultrawide+monitor&qid=1614962798&sr=8-4
LG 34UM68-P 34-Inch 21:9 UltraWide IPS Monitor with FreeSync,,4.6 out of 5 stars,703,https://www.amazon.com/LG-34UM68-P-34-Inch-21-UltraWide/dp/B01BMES072/ref=sr_1_5?dchild=1&keywords=ultrawide+monitor&qid=1614962798&sr=8-5
"Samsung CF390 Series 27 inch FHD 1920x1080 Curved Desktop Monitor for Business, HDMI, VGA, VESA mountable, 3-Year Warranty, TAA (C27F390FHN), Black",,4.7 out of 5 stars,"2,483",https://www.amazon.com/Samsung-27-inch-Business-C27F390FHN-LED-Lit/dp/B01IPHVFUI/ref=sr_1_6?dchild=1&keywords=ultrawide+monitor&qid=1614962798&sr=8-6
"LG 38WN75C-B 38-Inch Class 21:9 Curved UltraWide QHD+ (3840 x 1600) IPS Display with HDR 10 and Tilt/Height Adjustable Stand, Black",,4.5 out of 5 stars,180,https://www.amazon.com/LG-38WN75C-B-38-Inch-Class-Adjustable/dp/B087YZG5YS/ref=sr_1_7?dchild=1&keywords=ultrawide+monitor&qid=1614962798&sr=8-7
"LG 34GL750-B 34 Inch 21: 9 Ultragear Curved Wfhd (2560 X 1080) IPS 144Hz G-SYNC Compatible Gaming Monitor,Black",,4.5 out of 5 stars,"1,257",https://www.amazon.com/LG-34GL750-B-inch-Ultragear-Compatible/dp/B07R5R9VR9/ref=sr_1_8?dchild=1&keywords=ultrawide+monitor&qid=1614962798&sr=8-8
"Samsung 49-Inch CHG90 144Hz Curved Gaming Monitor (LC49HG90DMNXZA) – Super Ultrawide Screen QLED Computer Monitor, 3840 x 1080p Resolution, 1ms Response, FreeSync 2 with HDR",,4.5 out of 5 stars,"1,308",https://www.amazon.com/Samsung-49-Inch-Curved-Monitor-LC49HG90DMNXZA/dp/B072C7TNC5/ref=sr_1_9?dchild=1&keywords=ultrawide+monitor&qid=1614962798&sr=8-9
"SAMSUNG LC34J791WTNXZA 34-Inch CJ791 Ultrawide Curved Gaming Monitor, White",,4.5 out of 5 stars,837,https://www.amazon.com/Samsung-CJ791-Thunderbolt-Curved-Monitor/dp/B07CS3JB5K/ref=sr_1_10?dchild=1&keywords=ultrawide+monitor&qid=1614962798&sr=8-10
LG 38UC99-W 38-Inch 21:9 Curved UltraWide QHD+ IPS Monitor with Bluetooth Speakers,,4.2 out of 5 stars,195,https://www.amazon.com/LG-38UC99-W-38-Inch-UltraWide-Bluetooth/dp/B01LW54S4U/ref=sr_1_11?dchild=1&keywords=ultrawide+monitor&qid=1614962798&sr=8-11
"LG 43UN700-B 43 Inch Class UHD (3840 X 2160) IPS Display with USB Type-C and HDR10 with 4 HDMI inputs, Black",,4.4 out of 5 stars,352,https://www.amazon.com/LG-43UN700-B-Display-Type-C-inputs/dp/B0821WWXV6/ref=sr_1_12?dchild=1&keywords=ultrawide+monitor&qid=1614962798&sr=8-12
LG Full HD IPS UltraWide Monitor,,4.4 out of 5 stars,"3,457",https://www.amazon.com/LG-25UM58-P-25-Inch-21-UltraWide/dp/B01BV1XB2K/ref=sr_1_13?dchild=1&keywords=ultrawide+monitor&qid=1614962798&sr=8-13
"Sceptre Curved 27"" 75Hz LED Monitor HDMI VGA Build-In Speakers, EDGE-LESS Metal Black 2019 (C275W-1920RN)",,4.7 out of 5 stars,"6,068",https://www.amazon.com/Sceptre-Monitor-Speakers-Edge-Less-C275W-1920RN/dp/B07MTRQ6B3/ref=sr_1_14?dchild=1&keywords=ultrawide+monitor&qid=1614962798&sr=8-14
"LG 34WN650-W 34-Inch 21:9 UltraWide Full HD (2560 x 1080) IPS Display with VESA DisplayHDR 400 and AMD FreeSync, Silver",,4.7 out of 5 stars,332,https://www.amazon.com/LG-34WN650-W-34-Inch-UltraWide-DisplayHDR/dp/B087JB656Q/ref=sr_1_15?dchild=1&keywords=ultrawide+monitor&qid=1614962798&sr=8-15
LG 38WK95C-W 38-Inch Class 21:9 Curved UltraWide WQHD+ Monitor with HDR 10 (2018),,4.4 out of 5 stars,285,https://www.amazon.com/LG-38WK95C-W-38-Inch-Class-UltraWide/dp/B079L4WR4T/ref=sr_1_16?dchild=1&keywords=ultrawide+monitor&qid=1614962798&sr=8-16
"LG 29WN600-W 29"" 21:9 UltraWide WFHD IPS HDR10 Monitor with FreeSync, Silver",,4.6 out of 5 stars,"1,296",https://www.amazon.com/LG-29WN600-W-29-21-UltraWide/dp/B0876DBCBX/ref=sr_1_1?dchild=1&keywords=ultrawide+monitor&qid=1614962802&sr=8-1
"SAMSUNG LC49RG90SSNXZA 49-Inch CRG9 Curved Gaming Monitor, Black",,4.4 out of 5 stars,"2,315",https://www.amazon.com/Samsung-Double-49-Inch-Monitor-LC49RG90SSNXZA/dp/B07L9HCJ2V/ref=sr_1_2?dchild=1&keywords=ultrawide+monitor&qid=1614962802&sr=8-2
"Samsung 34-Inch SJ55W Ultrawide Gaming Monitor (LS34J550WQNXZA) – 75Hz Refresh, WQHD Computer Monitor, 3440 x 1440p Resolution, 4ms Response, FreeSync, Split Screen, HDMI, Black",,4.4 out of 5 stars,491,https://www.amazon.com/Samsung-S34J55W-34-Inch-Ultrawide-LS34J550WQNXZA/dp/B07FBS36W2/ref=sr_1_3?dchild=1&keywords=ultrawide+monitor&qid=1614962802&sr=8-3
"LG 34UM69G-B 34-Inch 21:9 UltraWide IPS Monitor with 1ms Motion Blur Reduction and FreeSync,Black",,4.6 out of 5 stars,"1,044",https://www.amazon.com/LG-34UM69G-B-34-Inch-UltraWide-Reduction/dp/B06XFXX5JH/ref=sr_1_4?dchild=1&keywords=ultrawide+monitor&qid=1614962802&sr=8-4
LG 34UM68-P 34-Inch 21:9 UltraWide IPS Monitor with FreeSync,,4.6 out of 5 stars,703,https://www.amazon.com/LG-34UM68-P-34-Inch-21-UltraWide/dp/B01BMES072/ref=sr_1_5?dchild=1&keywords=ultrawide+monitor&qid=1614962802&sr=8-5
"Samsung CF390 Series 27 inch FHD 1920x1080 Curved Desktop Monitor for Business, HDMI, VGA, VESA mountable, 3-Year Warranty, TAA (C27F390FHN), Black",,4.7 out of 5 stars,"2,483",https://www.amazon.com/Samsung-27-inch-Business-C27F390FHN-LED-Lit/dp/B01IPHVFUI/ref=sr_1_6?dchild=1&keywords=ultrawide+monitor&qid=1614962802&sr=8-6
"LG 38WN75C-B 38-Inch Class 21:9 Curved UltraWide QHD+ (3840 x 1600) IPS Display with HDR 10 and Tilt/Height Adjustable Stand, Black",,4.5 out of 5 stars,180,https://www.amazon.com/LG-38WN75C-B-38-Inch-Class-Adjustable/dp/B087YZG5YS/ref=sr_1_7?dchild=1&keywords=ultrawide+monitor&qid=1614962802&sr=8-7
"LG 34GL750-B 34 Inch 21: 9 Ultragear Curved Wfhd (2560 X 1080) IPS 144Hz G-SYNC Compatible Gaming Monitor,Black",,4.5 out of 5 stars,"1,257",https://www.amazon.com/LG-34GL750-B-inch-Ultragear-Compatible/dp/B07R5R9VR9/ref=sr_1_8?dchild=1&keywords=ultrawide+monitor&qid=1614962802&sr=8-8
"Samsung 49-Inch CHG90 144Hz Curved Gaming Monitor (LC49HG90DMNXZA) – Super Ultrawide Screen QLED Computer Monitor, 3840 x 1080p Resolution, 1ms Response, FreeSync 2 with HDR",,4.5 out of 5 stars,"1,308",https://www.amazon.com/Samsung-49-Inch-Curved-Monitor-LC49HG90DMNXZA/dp/B072C7TNC5/ref=sr_1_9?dchild=1&keywords=ultrawide+monitor&qid=1614962802&sr=8-9
"SAMSUNG LC34J791WTNXZA 34-Inch CJ791 Ultrawide Curved Gaming Monitor, White",,4.5 out of 5 stars,837,https://www.amazon.com/Samsung-CJ791-Thunderbolt-Curved-Monitor/dp/B07CS3JB5K/ref=sr_1_10?dchild=1&keywords=ultrawide+monitor&qid=1614962802&sr=8-10
LG 38UC99-W 38-Inch 21:9 Curved UltraWide QHD+ IPS Monitor with Bluetooth Speakers,,4.2 out of 5 stars,195,https://www.amazon.com/LG-38UC99-W-38-Inch-UltraWide-Bluetooth/dp/B01LW54S4U/ref=sr_1_11?dchild=1&keywords=ultrawide+monitor&qid=1614962802&sr=8-11
"LG 43UN700-B 43 Inch Class UHD (3840 X 2160) IPS Display with USB Type-C and HDR10 with 4 HDMI inputs, Black",,4.4 out of 5 stars,352,https://www.amazon.com/LG-43UN700-B-Display-Type-C-inputs/dp/B0821WWXV6/ref=sr_1_12?dchild=1&keywords=ultrawide+monitor&qid=1614962802&sr=8-12
LG Full HD IPS UltraWide Monitor,,4.4 out of 5 stars,"3,457",https://www.amazon.com/LG-25UM58-P-25-Inch-21-UltraWide/dp/B01BV1XB2K/ref=sr_1_13?dchild=1&keywords=ultrawide+monitor&qid=1614962802&sr=8-13
"Sceptre Curved 27"" 75Hz LED Monitor HDMI VGA Build-In Speakers, EDGE-LESS Metal Black 2019 (C275W-1920RN)",,4.7 out of 5 stars,"6,068",https://www.amazon.com/Sceptre-Monitor-Speakers-Edge-Less-C275W-1920RN/dp/B07MTRQ6B3/ref=sr_1_14?dchild=1&keywords=ultrawide+monitor&qid=1614962802&sr=8-14
"LG 34WN650-W 34-Inch 21:9 UltraWide Full HD (2560 x 1080) IPS Display with VESA DisplayHDR 400 and AMD FreeSync, Silver",,4.7 out of 5 stars,332,https://www.amazon.com/LG-34WN650-W-34-Inch-UltraWide-DisplayHDR/dp/B087JB656Q/ref=sr_1_15?dchild=1&keywords=ultrawide+monitor&qid=1614962802&sr=8-15
LG 38WK95C-W 38-Inch Class 21:9 Curved UltraWide WQHD+ Monitor with HDR 10 (2018),,4.4 out of 5 stars,285,https://www.amazon.com/LG-38WK95C-W-38-Inch-Class-UltraWide/dp/B079L4WR4T/ref=sr_1_16?dchild=1&keywords=ultrawide+monitor&qid=1614962802&sr=8-16
"LG 29WN600-W 29"" 21:9 UltraWide WFHD IPS HDR10 Monitor with FreeSync, Silver",,4.6 out of 5 stars,"1,296",https://www.amazon.com/LG-29WN600-W-29-21-UltraWide/dp/B0876DBCBX/ref=sr_1_1?dchild=1&keywords=ultrawide+monitor&qid=1614962808&sr=8-1
"SAMSUNG LC49RG90SSNXZA 49-Inch CRG9 Curved Gaming Monitor, Black",,4.4 out of 5 stars,"2,315",https://www.amazon.com/Samsung-Double-49-Inch-Monitor-LC49RG90SSNXZA/dp/B07L9HCJ2V/ref=sr_1_2?dchild=1&keywords=ultrawide+monitor&qid=1614962808&sr=8-2
"Samsung 34-Inch SJ55W Ultrawide Gaming Monitor (LS34J550WQNXZA) – 75Hz Refresh, WQHD Computer Monitor, 3440 x 1440p Resolution, 4ms Response, FreeSync, Split Screen, HDMI, Black",,4.4 out of 5 stars,491,https://www.amazon.com/Samsung-S34J55W-34-Inch-Ultrawide-LS34J550WQNXZA/dp/B07FBS36W2/ref=sr_1_3?dchild=1&keywords=ultrawide+monitor&qid=1614962808&sr=8-3
"LG 34UM69G-B 34-Inch 21:9 UltraWide IPS Monitor with 1ms Motion Blur Reduction and FreeSync,Black",,4.6 out of 5 stars,"1,044",https://www.amazon.com/LG-34UM69G-B-34-Inch-UltraWide-Reduction/dp/B06XFXX5JH/ref=sr_1_4?dchild=1&keywords=ultrawide+monitor&qid=1614962808&sr=8-4
LG 34UM68-P 34-Inch 21:9 UltraWide IPS Monitor with FreeSync,,4.6 out of 5 stars,703,https://www.amazon.com/LG-34UM68-P-34-Inch-21-UltraWide/dp/B01BMES072/ref=sr_1_5?dchild=1&keywords=ultrawide+monitor&qid=1614962808&sr=8-5
"Samsung CF390 Series 27 inch FHD 1920x1080 Curved Desktop Monitor for Business, HDMI, VGA, VESA mountable, 3-Year Warranty, TAA (C27F390FHN), Black",,4.7 out of 5 stars,"2,483",https://www.amazon.com/Samsung-27-inch-Business-C27F390FHN-LED-Lit/dp/B01IPHVFUI/ref=sr_1_6?dchild=1&keywords=ultrawide+monitor&qid=1614962808&sr=8-6
"LG 38WN75C-B 38-Inch Class 21:9 Curved UltraWide QHD+ (3840 x 1600) IPS Display with HDR 10 and Tilt/Height Adjustable Stand, Black",,4.5 out of 5 stars,180,https://www.amazon.com/LG-38WN75C-B-38-Inch-Class-Adjustable/dp/B087YZG5YS/ref=sr_1_7?dchild=1&keywords=ultrawide+monitor&qid=1614962808&sr=8-7
"LG 34GL750-B 34 Inch 21: 9 Ultragear Curved Wfhd (2560 X 1080) IPS 144Hz G-SYNC Compatible Gaming Monitor,Black",,4.5 out of 5 stars,"1,257",https://www.amazon.com/LG-34GL750-B-inch-Ultragear-Compatible/dp/B07R5R9VR9/ref=sr_1_8?dchild=1&keywords=ultrawide+monitor&qid=1614962808&sr=8-8
"Samsung 49-Inch CHG90 144Hz Curved Gaming Monitor (LC49HG90DMNXZA) – Super Ultrawide Screen QLED Computer Monitor, 3840 x 1080p Resolution, 1ms Response, FreeSync 2 with HDR",,4.5 out of 5 stars,"1,308",https://www.amazon.com/Samsung-49-Inch-Curved-Monitor-LC49HG90DMNXZA/dp/B072C7TNC5/ref=sr_1_9?dchild=1&keywords=ultrawide+monitor&qid=1614962808&sr=8-9
"SAMSUNG LC34J791WTNXZA 34-Inch CJ791 Ultrawide Curved Gaming Monitor, White",,4.5 out of 5 stars,837,https://www.amazon.com/Samsung-CJ791-Thunderbolt-Curved-Monitor/dp/B07CS3JB5K/ref=sr_1_10?dchild=1&keywords=ultrawide+monitor&qid=1614962808&sr=8-10
LG 38UC99-W 38-Inch 21:9 Curved UltraWide QHD+ IPS Monitor with Bluetooth Speakers,,4.2 out of 5 stars,195,https://www.amazon.com/LG-38UC99-W-38-Inch-UltraWide-Bluetooth/dp/B01LW54S4U/ref=sr_1_11?dchild=1&keywords=ultrawide+monitor&qid=1614962808&sr=8-11
"LG 43UN700-B 43 Inch Class UHD (3840 X 2160) IPS Display with USB Type-C and HDR10 with 4 HDMI inputs, Black",,4.4 out of 5 stars,352,https://www.amazon.com/LG-43UN700-B-Display-Type-C-inputs/dp/B0821WWXV6/ref=sr_1_12?dchild=1&keywords=ultrawide+monitor&qid=1614962808&sr=8-12
LG Full HD IPS UltraWide Monitor,,4.4 out of 5 stars,"3,457",https://www.amazon.com/LG-25UM58-P-25-Inch-21-UltraWide/dp/B01BV1XB2K/ref=sr_1_13?dchild=1&keywords=ultrawide+monitor&qid=1614962808&sr=8-13
"Sceptre Curved 27"" 75Hz LED Monitor HDMI VGA Build-In Speakers, EDGE-LESS Metal Black 2019 (C275W-1920RN)",,4.7 out of 5 stars,"6,068",https://www.amazon.com/Sceptre-Monitor-Speakers-Edge-Less-C275W-1920RN/dp/B07MTRQ6B3/ref=sr_1_14?dchild=1&keywords=ultrawide+monitor&qid=1614962808&sr=8-14
"LG 34WN650-W 34-Inch 21:9 UltraWide Full HD (2560 x 1080) IPS Display with VESA DisplayHDR 400 and AMD FreeSync, Silver",,4.7 out of 5 stars,332,https://www.amazon.com/LG-34WN650-W-34-Inch-UltraWide-DisplayHDR/dp/B087JB656Q/ref=sr_1_15?dchild=1&keywords=ultrawide+monitor&qid=1614962808&sr=8-15
LG 38WK95C-W 38-Inch Class 21:9 Curved UltraWide WQHD+ Monitor with HDR 10 (2018),,4.4 out of 5 stars,285,https://www.amazon.com/LG-38WK95C-W-38-Inch-Class-UltraWide/dp/B079L4WR4T/ref=sr_1_16?dchild=1&keywords=ultrawide+monitor&qid=1614962808&sr=8-16
"LG 29WN600-W 29"" 21:9 UltraWide WFHD IPS HDR10 Monitor with FreeSync, Silver",,4.6 out of 5 stars,"1,296",https://www.amazon.com/LG-29WN600-W-29-21-UltraWide/dp/B0876DBCBX/ref=sr_1_1?dchild=1&keywords=ultrawide+monitor&qid=1614962811&sr=8-1
"SAMSUNG LC49RG90SSNXZA 49-Inch CRG9 Curved Gaming Monitor, Black",,4.4 out of 5 stars,"2,315",https://www.amazon.com/Samsung-Double-49-Inch-Monitor-LC49RG90SSNXZA/dp/B07L9HCJ2V/ref=sr_1_2?dchild=1&keywords=ultrawide+monitor&qid=1614962811&sr=8-2
"Samsung 34-Inch SJ55W Ultrawide Gaming Monitor (LS34J550WQNXZA) – 75Hz Refresh, WQHD Computer Monitor, 3440 x 1440p Resolution, 4ms Response, FreeSync, Split Screen, HDMI, Black",,4.4 out of 5 stars,491,https://www.amazon.com/Samsung-S34J55W-34-Inch-Ultrawide-LS34J550WQNXZA/dp/B07FBS36W2/ref=sr_1_3?dchild=1&keywords=ultrawide+monitor&qid=1614962811&sr=8-3
"LG 34UM69G-B 34-Inch 21:9 UltraWide IPS Monitor with 1ms Motion Blur Reduction and FreeSync,Black",,4.6 out of 5 stars,"1,044",https://www.amazon.com/LG-34UM69G-B-34-Inch-UltraWide-Reduction/dp/B06XFXX5JH/ref=sr_1_4?dchild=1&keywords=ultrawide+monitor&qid=1614962811&sr=8-4
LG 34UM68-P 34-Inch 21:9 UltraWide IPS Monitor with FreeSync,,4.6 out of 5 stars,703,https://www.amazon.com/LG-34UM68-P-34-Inch-21-UltraWide/dp/B01BMES072/ref=sr_1_5?dchild=1&keywords=ultrawide+monitor&qid=1614962811&sr=8-5
"Samsung CF390 Series 27 inch FHD 1920x1080 Curved Desktop Monitor for Business, HDMI, VGA, VESA mountable, 3-Year Warranty, TAA (C27F390FHN), Black",,4.7 out of 5 stars,"2,483",https://www.amazon.com/Samsung-27-inch-Business-C27F390FHN-LED-Lit/dp/B01IPHVFUI/ref=sr_1_6?dchild=1&keywords=ultrawide+monitor&qid=1614962811&sr=8-6
"LG 38WN75C-B 38-Inch Class 21:9 Curved UltraWide QHD+ (3840 x 1600) IPS Display with HDR 10 and Tilt/Height Adjustable Stand, Black",,4.5 out of 5 stars,180,https://www.amazon.com/LG-38WN75C-B-38-Inch-Class-Adjustable/dp/B087YZG5YS/ref=sr_1_7?dchild=1&keywords=ultrawide+monitor&qid=1614962811&sr=8-7
"LG 34GL750-B 34 Inch 21: 9 Ultragear Curved Wfhd (2560 X 1080) IPS 144Hz G-SYNC Compatible Gaming Monitor,Black",,4.5 out of 5 stars,"1,257",https://www.amazon.com/LG-34GL750-B-inch-Ultragear-Compatible/dp/B07R5R9VR9/ref=sr_1_8?dchild=1&keywords=ultrawide+monitor&qid=1614962811&sr=8-8
"Samsung 49-Inch CHG90 144Hz Curved Gaming Monitor (LC49HG90DMNXZA) – Super Ultrawide Screen QLED Computer Monitor, 3840 x 1080p Resolution, 1ms Response, FreeSync 2 with HDR",,4.5 out of 5 stars,"1,308",https://www.amazon.com/Samsung-49-Inch-Curved-Monitor-LC49HG90DMNXZA/dp/B072C7TNC5/ref=sr_1_9?dchild=1&keywords=ultrawide+monitor&qid=1614962811&sr=8-9
"SAMSUNG LC34J791WTNXZA 34-Inch CJ791 Ultrawide Curved Gaming Monitor, White",,4.5 out of 5 stars,837,https://www.amazon.com/Samsung-CJ791-Thunderbolt-Curved-Monitor/dp/B07CS3JB5K/ref=sr_1_10?dchild=1&keywords=ultrawide+monitor&qid=1614962811&sr=8-10
LG 38UC99-W 38-Inch 21:9 Curved UltraWide QHD+ IPS Monitor with Bluetooth Speakers,,4.2 out of 5 stars,195,https://www.amazon.com/LG-38UC99-W-38-Inch-UltraWide-Bluetooth/dp/B01LW54S4U/ref=sr_1_11?dchild=1&keywords=ultrawide+monitor&qid=1614962811&sr=8-11
"LG 43UN700-B 43 Inch Class UHD (3840 X 2160) IPS Display with USB Type-C and HDR10 with 4 HDMI inputs, Black",,4.4 out of 5 stars,352,https://www.amazon.com/LG-43UN700-B-Display-Type-C-inputs/dp/B0821WWXV6/ref=sr_1_12?dchild=1&keywords=ultrawide+monitor&qid=1614962811&sr=8-12
LG Full HD IPS UltraWide Monitor,,4.4 out of 5 stars,"3,457",https://www.amazon.com/LG-25UM58-P-25-Inch-21-UltraWide/dp/B01BV1XB2K/ref=sr_1_13?dchild=1&keywords=ultrawide+monitor&qid=1614962811&sr=8-13
"Sceptre Curved 27"" 75Hz LED Monitor HDMI VGA Build-In Speakers, EDGE-LESS Metal Black 2019 (C275W-1920RN)",,4.7 out of 5 stars,"6,068",https://www.amazon.com/Sceptre-Monitor-Speakers-Edge-Less-C275W-1920RN/dp/B07MTRQ6B3/ref=sr_1_14?dchild=1&keywords=ultrawide+monitor&qid=1614962811&sr=8-14
"LG 34WN650-W 34-Inch 21:9 UltraWide Full HD (2560 x 1080) IPS Display with VESA DisplayHDR 400 and AMD FreeSync, Silver",,4.7 out of 5 stars,332,https://www.amazon.com/LG-34WN650-W-34-Inch-UltraWide-DisplayHDR/dp/B087JB656Q/ref=sr_1_15?dchild=1&keywords=ultrawide+monitor&qid=1614962811&sr=8-15
LG 38WK95C-W 38-Inch Class 21:9 Curved UltraWide WQHD+ Monitor with HDR 10 (2018),,4.4 out of 5 stars,285,https://www.amazon.com/LG-38WK95C-W-38-Inch-Class-UltraWide/dp/B079L4WR4T/ref=sr_1_16?dchild=1&keywords=ultrawide+monitor&qid=1614962811&sr=8-16
"LG 29WN600-W 29"" 21:9 UltraWide WFHD IPS HDR10 Monitor with FreeSync, Silver",,4.6 out of 5 stars,"1,296",https://www.amazon.com/LG-29WN600-W-29-21-UltraWide/dp/B0876DBCBX/ref=sr_1_1?dchild=1&keywords=ultrawide+monitor&qid=1614962816&sr=8-1
"SAMSUNG LC49RG90SSNXZA 49-Inch CRG9 Curved Gaming Monitor, Black",,4.4 out of 5 stars,"2,315",https://www.amazon.com/Samsung-Double-49-Inch-Monitor-LC49RG90SSNXZA/dp/B07L9HCJ2V/ref=sr_1_2?dchild=1&keywords=ultrawide+monitor&qid=1614962816&sr=8-2
"Samsung 34-Inch SJ55W Ultrawide Gaming Monitor (LS34J550WQNXZA) – 75Hz Refresh, WQHD Computer Monitor, 3440 x 1440p Resolution, 4ms Response, FreeSync, Split Screen, HDMI, Black",,4.4 out of 5 stars,491,https://www.amazon.com/Samsung-S34J55W-34-Inch-Ultrawide-LS34J550WQNXZA/dp/B07FBS36W2/ref=sr_1_3?dchild=1&keywords=ultrawide+monitor&qid=1614962816&sr=8-3
"LG 34UM69G-B 34-Inch 21:9 UltraWide IPS Monitor with 1ms Motion Blur Reduction and FreeSync,Black",,4.6 out of 5 stars,"1,044",https://www.amazon.com/LG-34UM69G-B-34-Inch-UltraWide-Reduction/dp/B06XFXX5JH/ref=sr_1_4?dchild=1&keywords=ultrawide+monitor&qid=1614962816&sr=8-4
LG 34UM68-P 34-Inch 21:9 UltraWide IPS Monitor with FreeSync,,4.6 out of 5 stars,703,https://www.amazon.com/LG-34UM68-P-34-Inch-21-UltraWide/dp/B01BMES072/ref=sr_1_5?dchild=1&keywords=ultrawide+monitor&qid=1614962816&sr=8-5
"Samsung CF390 Series 27 inch FHD 1920x1080 Curved Desktop Monitor for Business, HDMI, VGA, VESA mountable, 3-Year Warranty, TAA (C27F390FHN), Black",,4.7 out of 5 stars,"2,483",https://www.amazon.com/Samsung-27-inch-Business-C27F390FHN-LED-Lit/dp/B01IPHVFUI/ref=sr_1_6?dchild=1&keywords=ultrawide+monitor&qid=1614962816&sr=8-6
"LG 38WN75C-B 38-Inch Class 21:9 Curved UltraWide QHD+ (3840 x 1600) IPS Display with HDR 10 and Tilt/Height Adjustable Stand, Black",,4.5 out of 5 stars,180,https://www.amazon.com/LG-38WN75C-B-38-Inch-Class-Adjustable/dp/B087YZG5YS/ref=sr_1_7?dchild=1&keywords=ultrawide+monitor&qid=1614962816&sr=8-7
"LG 34GL750-B 34 Inch 21: 9 Ultragear Curved Wfhd (2560 X 1080) IPS 144Hz G-SYNC Compatible Gaming Monitor,Black",,4.5 out of 5 stars,"1,257",https://www.amazon.com/LG-34GL750-B-inch-Ultragear-Compatible/dp/B07R5R9VR9/ref=sr_1_8?dchild=1&keywords=ultrawide+monitor&qid=1614962816&sr=8-8
"Samsung 49-Inch CHG90 144Hz Curved Gaming Monitor (LC49HG90DMNXZA) – Super Ultrawide Screen QLED Computer Monitor, 3840 x 1080p Resolution, 1ms Response, FreeSync 2 with HDR",,4.5 out of 5 stars,"1,308",https://www.amazon.com/Samsung-49-Inch-Curved-Monitor-LC49HG90DMNXZA/dp/B072C7TNC5/ref=sr_1_9?dchild=1&keywords=ultrawide+monitor&qid=1614962816&sr=8-9
"SAMSUNG LC34J791WTNXZA 34-Inch CJ791 Ultrawide Curved Gaming Monitor, White",,4.5 out of 5 stars,837,https://www.amazon.com/Samsung-CJ791-Thunderbolt-Curved-Monitor/dp/B07CS3JB5K/ref=sr_1_10?dchild=1&keywords=ultrawide+monitor&qid=1614962816&sr=8-10
LG 38UC99-W 38-Inch 21:9 Curved UltraWide QHD+ IPS Monitor with Bluetooth Speakers,,4.2 out of 5 stars,195,https://www.amazon.com/LG-38UC99-W-38-Inch-UltraWide-Bluetooth/dp/B01LW54S4U/ref=sr_1_11?dchild=1&keywords=ultrawide+monitor&qid=1614962816&sr=8-11
"LG 43UN700-B 43 Inch Class UHD (3840 X 2160) IPS Display with USB Type-C and HDR10 with 4 HDMI inputs, Black",,4.4 out of 5 stars,352,https://www.amazon.com/LG-43UN700-B-Display-Type-C-inputs/dp/B0821WWXV6/ref=sr_1_12?dchild=1&keywords=ultrawide+monitor&qid=1614962816&sr=8-12
LG Full HD IPS UltraWide Monitor,,4.4 out of 5 stars,"3,457",https://www.amazon.com/LG-25UM58-P-25-Inch-21-UltraWide/dp/B01BV1XB2K/ref=sr_1_13?dchild=1&keywords=ultrawide+monitor&qid=1614962816&sr=8-13
"Sceptre Curved 27"" 75Hz LED Monitor HDMI VGA Build-In Speakers, EDGE-LESS Metal Black 2019 (C275W-1920RN)",,4.7 out of 5 stars,"6,068",https://www.amazon.com/Sceptre-Monitor-Speakers-Edge-Less-C275W-1920RN/dp/B07MTRQ6B3/ref=sr_1_14?dchild=1&keywords=ultrawide+monitor&qid=1614962816&sr=8-14
"LG 34WN650-W 34-Inch 21:9 UltraWide Full HD (2560 x 1080) IPS Display with VESA DisplayHDR 400 and AMD FreeSync, Silver",,4.7 out of 5 stars,332,https://www.amazon.com/LG-34WN650-W-34-Inch-UltraWide-DisplayHDR/dp/B087JB656Q/ref=sr_1_15?dchild=1&keywords=ultrawide+monitor&qid=1614962816&sr=8-15
LG 38WK95C-W 38-Inch Class 21:9 Curved UltraWide WQHD+ Monitor with HDR 10 (2018),,4.4 out of 5 stars,285,https://www.amazon.com/LG-38WK95C-W-38-Inch-Class-UltraWide/dp/B079L4WR4T/ref=sr_1_16?dchild=1&keywords=ultrawide+monitor&qid=1614962816&sr=8-16
"LG 29WN600-W 29"" 21:9 UltraWide WFHD IPS HDR10 Monitor with FreeSync, Silver",,4.6 out of 5 stars,"1,296",https://www.amazon.com/LG-29WN600-W-29-21-UltraWide/dp/B0876DBCBX/ref=sr_1_1?dchild=1&keywords=ultrawide+monitor&qid=1614962820&sr=8-1
"SAMSUNG LC49RG90SSNXZA 49-Inch CRG9 Curved Gaming Monitor, Black",,4.4 out of 5 stars,"2,315",https://www.amazon.com/Samsung-Double-49-Inch-Monitor-LC49RG90SSNXZA/dp/B07L9HCJ2V/ref=sr_1_2?dchild=1&keywords=ultrawide+monitor&qid=1614962820&sr=8-2
"Samsung 34-Inch SJ55W Ultrawide Gaming Monitor (LS34J550WQNXZA) – 75Hz Refresh, WQHD Computer Monitor, 3440 x 1440p Resolution, 4ms Response, FreeSync, Split Screen, HDMI, Black",,4.4 out of 5 stars,491,https://www.amazon.com/Samsung-S34J55W-34-Inch-Ultrawide-LS34J550WQNXZA/dp/B07FBS36W2/ref=sr_1_3?dchild=1&keywords=ultrawide+monitor&qid=1614962820&sr=8-3
"LG 34UM69G-B 34-Inch 21:9 UltraWide IPS Monitor with 1ms Motion Blur Reduction and FreeSync,Black",,4.6 out of 5 stars,"1,044",https://www.amazon.com/LG-34UM69G-B-34-Inch-UltraWide-Reduction/dp/B06XFXX5JH/ref=sr_1_4?dchild=1&keywords=ultrawide+monitor&qid=1614962820&sr=8-4
LG 34UM68-P 34-Inch 21:9 UltraWide IPS Monitor with FreeSync,,4.6 out of 5 stars,703,https://www.amazon.com/LG-34UM68-P-34-Inch-21-UltraWide/dp/B01BMES072/ref=sr_1_5?dchild=1&keywords=ultrawide+monitor&qid=1614962820&sr=8-5
"Samsung CF390 Series 27 inch FHD 1920x1080 Curved Desktop Monitor for Business, HDMI, VGA, VESA mountable, 3-Year Warranty, TAA (C27F390FHN), Black",,4.7 out of 5 stars,"2,483",https://www.amazon.com/Samsung-27-inch-Business-C27F390FHN-LED-Lit/dp/B01IPHVFUI/ref=sr_1_6?dchild=1&keywords=ultrawide+monitor&qid=1614962820&sr=8-6
"LG 38WN75C-B 38-Inch Class 21:9 Curved UltraWide QHD+ (3840 x 1600) IPS Display with HDR 10 and Tilt/Height Adjustable Stand, Black",,4.5 out of 5 stars,180,https://www.amazon.com/LG-38WN75C-B-38-Inch-Class-Adjustable/dp/B087YZG5YS/ref=sr_1_7?dchild=1&keywords=ultrawide+monitor&qid=1614962820&sr=8-7
"LG 34GL750-B 34 Inch 21: 9 Ultragear Curved Wfhd (2560 X 1080) IPS 144Hz G-SYNC Compatible Gaming Monitor,Black",,4.5 out of 5 stars,"1,257",https://www.amazon.com/LG-34GL750-B-inch-Ultragear-Compatible/dp/B07R5R9VR9/ref=sr_1_8?dchild=1&keywords=ultrawide+monitor&qid=1614962820&sr=8-8
"Samsung 49-Inch CHG90 144Hz Curved Gaming Monitor (LC49HG90DMNXZA) – Super Ultrawide Screen QLED Computer Monitor, 3840 x 1080p Resolution, 1ms Response, FreeSync 2 with HDR",,4.5 out of 5 stars,"1,308",https://www.amazon.com/Samsung-49-Inch-Curved-Monitor-LC49HG90DMNXZA/dp/B072C7TNC5/ref=sr_1_9?dchild=1&keywords=ultrawide+monitor&qid=1614962820&sr=8-9
"SAMSUNG LC34J791WTNXZA 34-Inch CJ791 Ultrawide Curved Gaming Monitor, White",,4.5 out of 5 stars,837,https://www.amazon.com/Samsung-CJ791-Thunderbolt-Curved-Monitor/dp/B07CS3JB5K/ref=sr_1_10?dchild=1&keywords=ultrawide+monitor&qid=1614962820&sr=8-10
LG 38UC99-W 38-Inch 21:9 Curved UltraWide QHD+ IPS Monitor with Bluetooth Speakers,,4.2 out of 5 stars,195,https://www.amazon.com/LG-38UC99-W-38-Inch-UltraWide-Bluetooth/dp/B01LW54S4U/ref=sr_1_11?dchild=1&keywords=ultrawide+monitor&qid=1614962820&sr=8-11
"LG 43UN700-B 43 Inch Class UHD (3840 X 2160) IPS Display with USB Type-C and HDR10 with 4 HDMI inputs, Black",,4.4 out of 5 stars,352,https://www.amazon.com/LG-43UN700-B-Display-Type-C-inputs/dp/B0821WWXV6/ref=sr_1_12?dchild=1&keywords=ultrawide+monitor&qid=1614962820&sr=8-12
LG Full HD IPS UltraWide Monitor,,4.4 out of 5 stars,"3,457",https://www.amazon.com/LG-25UM58-P-25-Inch-21-UltraWide/dp/B01BV1XB2K/ref=sr_1_13?dchild=1&keywords=ultrawide+monitor&qid=1614962820&sr=8-13
"Sceptre Curved 27"" 75Hz LED Monitor HDMI VGA Build-In Speakers, EDGE-LESS Metal Black 2019 (C275W-1920RN)",,4.7 out of 5 stars,"6,068",https://www.amazon.com/Sceptre-Monitor-Speakers-Edge-Less-C275W-1920RN/dp/B07MTRQ6B3/ref=sr_1_14?dchild=1&keywords=ultrawide+monitor&qid=1614962820&sr=8-14
"LG 34WN650-W 34-Inch 21:9 UltraWide Full HD (2560 x 1080) IPS Display with VESA DisplayHDR 400 and AMD FreeSync, Silver",,4.7 out of 5 stars,332,https://www.amazon.com/LG-34WN650-W-34-Inch-UltraWide-DisplayHDR/dp/B087JB656Q/ref=sr_1_15?dchild=1&keywords=ultrawide+monitor&qid=1614962820&sr=8-15
LG 38WK95C-W 38-Inch Class 21:9 Curved UltraWide WQHD+ Monitor with HDR 10 (2018),,4.4 out of 5 stars,285,https://www.amazon.com/LG-38WK95C-W-38-Inch-Class-UltraWide/dp/B079L4WR4T/ref=sr_1_16?dchild=1&keywords=ultrawide+monitor&qid=1614962820&sr=8-16
